"ikhtiar,hadap,kemarau,gelar,minta,hujan"
"panas,bikin,manfaat,cahaya,matahari,asak,nyata,matang"
"tewas"
"nilai,menang"
"mahal,hilang,edar"
"siasat,hadap,mahal"
"temu,tewas"
"serah,uang,ketua"
"periksa,kait,peras,pimpin,peran"
"usul"
"pilih,sepakat,indra,damping"
"periksa,metro,saksi,duga,peras,pimpin,peras"
"fakta"
"pernah,temu"
"saksi,duga,peras,pimpin"
"periksa,metro,kait,kasus,duga,pimpin,peras"
"tewas,lompat,buka"
"relawan,juang,menang,dukung"
"aman,intensif,koordinasi"
"gera,pangan,murah,bagi,gratis"
"mahal"
"dagang,pakai,tuju,tutup"
"teman,temu,pimpin,bantah,serah,uang"
"bakar,belum,padam"
"pernah,ketua,bantah,tan"
"pernah,temu,ketua,tan,bantah,serah,uang"
"buka,kait,kasus,duga,peras,pimpin,hadap"
"gaet,pan,gelar,pesta"
"sepi,klub,patungan"
"kasus,panggil,metro,jaya"
"periksa,metro,kasus,peras,pimpin"
"periksa,saksi,kasus,peras"
"layan,gratis,kendali,tumbuh,duduk"
"periksa,kait,kasus,ketua"
"kemarau,rawan,bakar,jual,apar,naik"
"lopor,damping"
"kendali,laju,tumbuh,duduk,gratis"
"tulis,komitmen,anti,korupsi,pecah,rekor"
"berkah,panas,jual,dingin,laris"
"darurat,kering,januari"
"tuju,gelar,festival,kreasi,bahan,pokok"
"suhu,panas,siang,waspada,papar,sinar"
"panas,terik,prediksi,indeks,ekstrem,bagi,besar,wilayah"
"keluh,suhu,panas,musim,hujan,turun"
"rekap,hasil,menang,dewa,tekuk"
"hasil,sore,kalah,persis,solo,tahan,imbang"
"bakar,kali,landa,zona,aktif"
"ternak,tolak,relokasi"
"bakar,berat,terjun"
"zona,aktif,bakar"
"seru,versus"
"unjung,lampau,target"
"sosialisasi,damping"
"jelang,versus,saling,sikut,poin"
"luang,ternak,itik"
"libat,celaka,mud,adu,mulut"
"kemarau,rajin,rogok,kocek"
"berkah,kemarau,bagi,jual"
"sukses"
"laku,tangkap,operasi,sikat"
"awat,restorasi,koleksi,rusak"
"suhu,panas"
"naik,tembus"
"mahal,telur,mulai,turun"
"prakira,cerah,awan,hujan,ringan"
"dampak,panas,serang,diare"
"keluarga,brigadir,akan,kirim,ham"
"narkoba"
"perang,rundung,ajak,kreatif,karya"
"suhu,panas,sakit,diare,tingkat"
"panas,pakai,payung,putih"
"bagi,andang,obesitas,harus,tingkat"
"pesona,produk,lestari,budaya"
"tari,sufi,riah,maulid,nabi"
"pamer,produk,unggul,seni,budaya,tradisional"
"belanja,dana,miliar"
"pecah,rekor,tanam,toga,tanam"
"kalah,skor"
"kendara,tumpuk,celaka"
"kendara,libat,celaka,ungar,periksa,bus"
"versus"
"ramal,september,cerah,suhu,udara"
"kasus,netralitas,kena,sanksi,moral,pecat"
"menang,akan"
"kolonel,resmi,jabat"
"mahal,naik"
"stabil,perintah,gelar,murah"
"kemarau,gelar,salat,mohon,hujan"
"turun,siap,anggar,miliar"
"operasi,sikat,aman,laku"
"temu,salur,buang,jenazah,ambang,labuh"
"bacok,guru,bantu,keluarga,jual"
"sosok,mayat,pria,misterius,labuh,tanjung,emas,temu"
"sosok,mayat,pria,tanpa,identitas,apung,labuh,tanjung,emas"
"siap,aman,gelar,simulasi"
"bantu,perintah,belum,normal"
"borong"
"pamer,sehat,suguh,aneka,layan,fasilitas,sehat"
"nal,senam,tera,olah,raga,usia"
"tinjau,tinggi"
"edukasi,sehat,gigi,bagi,sikat,pasta,gigi,gratis"
"temu,tinggi"
"simulasi,tanggap,darurat,unjuk"
"celaka,maut,sangka"
"bacok,guru,semester"
"partai,buruh,belum,dukung"
"maulid,nabi,dongeng,islami"
"beda,lari"
"target,menang,saksi"
"respon"
"dekat,logistik,mulai,siap"
"genjot,terima,sosialisasi,layan"
"faktor,wilayah,geografis,guru,rela,jemput"
"kompas,gelar,lari,desember,catat,tanggal"
"hasil,versus,imbang,super,henti,rekor,menang"
"celaka,gelar,olah,korban,awat,intensif"
"kronologi,celaka,duga,rem,blong,labuh,lampung"
"saksi,korban,selamat,celaka,tabrak,kendara"
"celaka,maut,tabrak,motor"
"korban,celaka,tewas,luka,berat,luka,ringan"
"kronologi,lengkap,celaka,rem,duga,blong,mud,aman"
"tabrak,motor"
"kondisi,kini,celaka,maut"
"saksi,celaka,keras"
"saksi,celaka,tabrak,belas,kendara,duga,rem,blong"
"celaka,tewas"
"celaka,maut,tabrak,motor"
"bakar,ledak"
"bakar,tutup,akses,masuk,sampah"
"bakar,usaha,api"
"rekap,hasil,september,kalah,salip"
"bakar,terjun"
"versus,bangkit,menang"
"tangki,siaga,asap"
"tambang,ilegal,marak,harus,legalitas"
"tabrak,pejal,kaki,motor"
"minta,jaga,netralitas"
"tanpa,piala,bayar"
"jelang,piala,gelar,seleksi"
"kondisi,kini,bakar"
"jaga,tangkal,radikalisme"
"bakar,api,nyala,sisi,utara"
"bakar,legit,banget"
"limut,asap,bau,sengat"
"bakar,padam"
"mahal,dampak,terima,bantu,pangan"
"gelontor,dagang,ecer,stok"
"libur,efek,asap,bakar"
"hewan,ular,rabies,suntik,vaksin"
"spesialis,urologi,gelar,bakti,sosial"
"aksi,tanam,bersih,bersih"
"bakar,padam,aktivitas,normal,mulai,terima,sampah"
"bakar,padam,upaya,dingin"
"bakar,lari"
"kiai,gadungan,duga,perkosa,pop"
"galang,dana,peduli,korban,gempa"
"pertama,kali,gelar,pamer"
"bagi,ilmu,arsitektur,pamer,karya"
"berkah,kemarau,dagang,layang,layang,raup,untung"
"salur,tangki,dampak,kering"
"lurah"
"guru,hapus,rias,wajah"
"naik,alih,medium"
"tirta,ajak,bijak,bersih"
"murid,harap,baik"
"curi,kotak,amal,masjid,joli,amuk"
"nyata,enak,banget,resep,puluh"
"persis,solo,versus,mulai,bukti"
"bu,kuliner,legendaris"
"guru,rela,jemput,tidak,putus"
"salur,bantu"
"generasi,harus,waspada,ancam,pecah,bangsa"
"festival,layak,taraf"
"mahal,alih,medium"
"mahal,bantu"
"aniaya,unjung"
"depresi,pria,nekat"
"kena,razia,siswi,pasrah,hapus,rias,wajah,guru"
"saksi,periksa,duga,ketua,indra,aniaya"
"rugi,puluh,miliar,rokok,ilegal,musnah"
"balas"
"awas,persen,wilayah,kering,ekstrem"
"dagang,layang,layang,raup,untung,musim,kemarau,jual,lembar"
"program,peduli,budaya,distribusi,murid"
"cipta,becak,listrik,ramah,lingkung,ku,tanpa,mud"
"apresiasi,peduli,peduli,bincang"
"nekat,kurir,narkoba"
"naik"
"kemarau,akhir"
"omzet,kena,pajak"
"tampil,karya,desain,digital"
"pianis,unjuk,gigi,piano,klasik"
"emas,dukung"
"riah,sakit,pakai,kostum,karnaval"
"korban,perkosa,pulih"
"joli,curi,kotak,amal,bangun,masjid,rekam"
"ketua,batas,minimal,usia,tunggu,putus"
"raih,layak"
"tampil,hut"
"kontes,lidi,adu,indah,adu,kuat"
"energi,tekan,polusi,udara"
"daftar,daftar,stasiun,wajah"
"cetak,jiwa,kampus,harus"
"nikmat,karya,seni,sensasi,pikir"
"pondok,gadungan,perkosa"
"sawah,gersang,tani,alih,tanam,semangka,jagung"
"kirim,latih,asi"
"duga,aniaya,ancam,ketua,indra,copot"
"duga,aniaya,ketua,partai,indra,copot,jabat"
"copot,ketua,indra,buntut,duga"
"ancam,ketua,indra,copot"
"duga,indra"
"spesial,hut,baca,berita,kakek,seniman,patung,gulai"
"kering,siap,tangki,kapasitas,liter"
"tekan,angka,satelit,buka"
"curi,kamera,awas"
"duga,leceh,tidak,izin"
"peduli,budaya,bagi,bagi"
"naik,belum,pengaruh,jual,non,subsidi"
"fakultas,temu,tinggal,kontra"
"selidik,kasus,baco"
"selidik,kasus,baco"
"peduli,budaya,donasi,ajar"
"hasil,sidang,tanggal,agustus,september,kena,denda"
"pamit"
"aksi,curi,rekam,tinggal"
"racik,edar,kosmetik,ilegal,tangkap"
"momen,haru,istri,pamit"
"leleh"
"gadis,belia,tegal,sakit,kulit,langka,butuh,bantu"
"humas,bekal,ilmu,humas"
"humas,reputasi,percaya"
"lelah,jijik,bersih,bersih"
"apresiasi"
"dukung,debat,buka"
"jaga,jelang,politik,gelar"
"gaung,damai"
"nikmat,karya,seni,progresif,sudut"
"rajin,unggul"
"kemarau,ganggu"
"anggur,didik,ikan,program,merdeka"
"hadir,acara,damai"
"hadir,jaga,damai,hindar"
"ajak,sih,sampah"
"hasil,versus,naik,besar"
"lepas,republik,harap"
"versus"
"rajin,batik,batik"
"terima,beasiswa,gratis"
"beda,bijak,tidak,wajib"
"cemburu,tega,aniaya,tusuk"
"cemburu,suami,nekat,aniaya,istri,tewas"
"palu,bantu"
"resmi,kapal,api"
"belum,terima,ganti"
"pamer,puji"
"puji,inisiasi,alas"
"gratis,rintis"
"keren,rawat,budaya,pamer,keris"
"kampus,debat,kampanye,kampus,larang"
"naik,gelontor"
"naik"
"kapal,api,resmi"
"cari,bibit,basket,laga"
"hadir"
"tengkar,suami,duga,aniaya,istri,tewas"
"bunga,cantik,riah,merdeka,festival"
"seru,libat,perempuan"
"jelang,versus,panggil"
"bek,wahyu,panggil,kuat"
"cekcok,suami,tega,aniaya,istri,tewas"
"bagi,laku,dongkrak,usaha"
"parade,hias,tabur,bunga,merdeka,festival"
"layak"
"dukung,bawa,arus,pecah"
"pidato,hadap,seruduk,hambat,maju"
"konsolidasi,menang,pecah,belah"
"konsolidasi,menang,seruduk,hambat,maju"
"budiman,sudah,selesai,urus"
"hasil,sore,tuan,tahan,imbang,puncak"
"budaya,ramai"
"rukun,politik"
"bersih,camat"
"strategi,jaga,kandang,banteng"
"dorong,optimal"
"tampil,aneka,budaya,produk"
"raih,menang,persik,manfaat,absen"
"pamer,produk"
"ajar,riah,merdeka"
"edukasi,sehat,paguyuban,gelar"
"bekal,fakultas,hukum"
"kumpul,koin,miskin"
"krisis,bersih,salur,bantu,bersih,dampak"
"temu,tewas"
"seru,estafet,tangkap,mata,tutup"
"aman,tani,basmi,hama,tikus"
"meja,momen,teman"
"optimis,investasi,naik"
"dagang,dorong,saing"
"rakit,jual,senjata,api,ilegal"
"duduk,meja,jamu,makam"
"rusuh,laga,versus"
"hut,gelar,tari,caci"
"kandang,banteng,tanpa,bala"
"bantu,miskin"
"delegasi,hadir"
"inovasi,bangun,didik,ramah,lingkung"
"target,belum"
"lempar,relawan"
"target"
"hasil,bandung,kalah"
"versus,bandung"
"tani,gotong,tangkap,tikus,sawah"
"cegah,tindak,jahat,luncur,aplikasi"
"nyata,tukang,servis,modifikasi,senjata,api,duga,teroris,de"
"jelang,lawan,bandung,gelar,latih,evaluasi"
"budiman,relawan,kandang,banteng"
"baju,adat"
"mohon,maaf,makam,pahlawan"
"ajak,tekan,angka,luncur,program"
"pimpin,upacara,hut,pamit"
"serah,remisi,titip,narapidana"
"hut,luncur"
"puluh,lansia,upacara,hut"
"pimpin,upacara,hut,pamit"
"pimpin,upacara,hut,pamit"
"khas,tumbuh,rukun,kompak"
"pukau,nyanyi,simfoni,istana"
"hut,merdeka,karaoke,tutup"
"nekat,curi,kotak,amal,masjid,pria,hajar,massa"
"dorong,maju,latih"
"sambut,ekonomi"
"junjung,tinggi,netralitas,siap,hadap"
"vakum,sukses,gelar,voli"
"merah,putih,kawasan,sejarah"
"perwira,raih,gelar"
"tumbuh,rukun,kompak"
"waris,keris"
"bangga,tampil,istana,lepas"
"hasil,sore,menang,telak,dewa"
"voli,lurah,ajang,bibit"
"dewa,versus"
"borong,medali,emas"
"nikmat,lobster,rawa,bakar,rawa,pening"
"dorong,mode,pagelaran,busana"
"si,cantik,anggrek,buru,minat,tanam,hias"
"cipta,inovasi,angkut"
"tanding,ekshibisi,juara,olahraga,provinsi"
"hulu,ruang,hotel,hutan,penuh,karya,seni"
"inovasi,cipta,angkut"
"tertib"
"serah"
"kunjung,silaturahmi"
"layan,paspor,merdeka,serbu"
"sambut,hut,adu,kreativitas,mural"
"kalah"
"kantong,identitas,laku,baco,tewas"
"nol,integrasi,sigap,pelita"
"apresiasi,kerja,turun"
"kalah,tindak"
"hadir,serah,hebat"
"prakira,bandung,urut"
"rem,blong,lingkar,kendal"
"kering"
"lestari,seni,wayang,film"
"olak,lupa"
"hasil,versus,maulana,laskar,petik,angka"
"umat,sempurna,dewi,welas,asih"
"rebut,medali"
"versus"
"integrasi,sigap,pelita,tekan,angka"
"harap,ganti,baik"
"guru,honorer,adu"
"rusa,bakar,pancasila"
"nikmat,soto,sawah,organik,murah,sehat"
"hebat,ubah,hobi,taekwondo,medali"
"daya,tangga,latih,tata,rias"
"larang,golput"
"akan,laku,erata,saraf,fasilitas"
"selebaran,imbau,hati,hati"
"kreatif,inovatif,terima,punakawan"
"sosialisasi,pedoman,tata,naskah,adil,tinggi"
"gol,tunggal,tunduk,bawa,kudeta"
"tren,positif,cepat,puas"
"fasilitas,bus,wisata,murah,lumpia"
"versus"
"telur,angsur,turun"
"rotasi,jabat,kompetensi"
"cegah,edar,narkoba,sasar,karaoke"
"tindak,baliho,spanduk"
"kemarau,kasus,bakar,tingkat"
"prakira,bandung,agustus"
"dagang,bendera,musim,mulai,jamur"
"lawan,sewu"
"sehat,murah,riah,nikmat,soto,bahan,organik,mulai"
"mutasi"
"rotasi,jabat,kompetensi"
"dagang,bendera,riah,hut"
"perempuan,temu,tewas"
"narkoba,aman"
"kendara,rampas,serah,tugas,cari"
"buka,daftar"
"jurnal,hukum,raih,indeks"
"stok,pasok,pangkal,aman,lancar"
"klaim,stok,aman"
"usaha,imbau"
"prakira,bandung,agustus"
"perempuan,temu,tewas"
"bawang,putih,tinggi,konsumen,pilih,ecer"
"kuat,tahan,pangan,siap,hektar,lahan"
"cegah,banjir,ajak,sih,banjir,kanal,barat"
"gagal,edar"
"retas,laku,tangkap"
"gelar,simulasi,antisipasi,aksi,anarkis"
"bersih,bersih,banjir,kanal,barat"
"gelar,diskusi,mediasi,elektronik,akademisi,universitas,agustus"
"perempuan,temu,tewas,temu,luka,lebam,darah"
"olah,sampah,plastik,daur"
"asyura,momentum,yatim"
"tani,ajak,tani,irit,pupuk,kimia"
"daur,sampah,plastik,mudah,kumpul,sampah"
"raup,rupiah,hias"
"bau,busuk"
"hadap,tan,kuat,pangan"
"seru,ajar,luk,batu,sungai"
"kasus,keras,seksual,laku"
"motor,tewas,tabrak,jatuh"
"kronologi,bunuh,taksi,korban,istri,hamil"
"hasil,sidang,juli,denda"
"uji,cegah,massal"
"ajak,ajar,cinta,produk"
"doa,bunuh"
"korban,duga,nama,sertifikat,rentenir"
"kaget,sertifikat,jamin,sudah,nama"
"bakar,tewas,duga,bakar,barang"
"versus,target,menang,tanpa,pilar"
"resah,sertifikat,dadak,agun"
"tangki,celaka,maut,sangka"
"marak,celaka,imbau,taat,atur,kendara"
"kecewa,nama,coret,nasional"
"rekonstruksi,kasus,tewas,taksi"
"pengaruh,stabil"
"angsur,turun,potong,mahal"
"saling,sindir,status,tewas,tusuk"
"gelar,rekonstruksi,bunuh,taksi,korban,hadir"
"sertifikat,jamin,duga,agun,rentenir"
"sukses,raih,hias"
"tangki,sangka,celaka,ancam,penjara"
"laku,bunuh,taksi,tangkap"
"celaka,maut,sangka"
"bisnis,hias,sukses,raup,untung"
"guru,tinggi,harus,adaptasi,era,disrupsi"
"minta,siap"
"lantik,jaga,integritas"
"kronologi,tangkap,laku,bunuh,taksi"
"ternak,pakan,naik,imbang,jual,naik"
"kejat,selamat,miliar,uang"
"api,tidak,resmi,rambu"
"pasang,rambu,larang"
"kisah,sukses,pria,raup,rupiah,budi,daya"
"lantik"
"beber,kronologi,bunuh,taksi"
"laku,bunuh,taksi,adik,ayah,penjara"
"laku,bunuh,taksi,tangkap"
"jalur,mandiri,reguler,tahap,buka,besok,simak,daftar"
"ajar,desa,luk,batu,sungai"
"jual,perabot,keliling,temu,tinggal"
"curi,koper,stasiun,laku,jual,koper"
"raih,layak,utama"
"forum,nasional,momentum,bangkit"
"rekam,tewas,taksi"
"geger,temu,taksi,tewas,duga,korban,ampo"
"aksi,heroik,asisten,celaka,maut,pop"
"upaya,risiko,celaka,baik,api,bidang"
"pimpin,langsung,lantik"
"nasional,amin,cegah,tindak,kriminal,keras"
"bunuh,taksi,korban,kabur,sungkur"
"komentar,sorot,pidato,debat,haris"
"celaka,versus,trailer,selidik"
"tewas,luka,luka"
"puncak,nasional,dengar,hak"
"hidup,kenang,koleksi,antik"
"periksa,periksa,lokasi"
"celaka,aju,tuntut"
"adil,bantu,kasus,umpuk"
"dengar,hak"
"tabrak,mogok,rel,medan,magnet"
"raih,layak,utama"
"jadwal,ekspres,rute,juli"
"bentuk,investigasi,kasus,tabrak,api"
"tabrak,api,periksa"
"tuan,forum,nasional"
"selamat,tumpang,tabrak,maut,saksi"
"cari,tabrak,terjun"
"hut,koperasi,dorong,kembang,koperasi"
"jaga,tabrak"
"asisten,selamat,ajaib,tuhan"
"hasil,investigasi,api,tabrak,nyata,human,panik"
"hasil,tanding,versus,imbang,menang"
"saksi,selamat,tumpang,tabrak,maut"
"dagang,dampak,mahal"
"pacu,karya,pamer,inovasi,biologi"
"ledak,tabrak,api,cepat"
"periksa,tugas,palang,pintu"
"aksi,heroik,selamat,tumpang"
"kuat,jembatan,celaka,cepat,api,batas"
"versus"
"versus,target,tuan,menang,tanpa,bobol"
"api,periksa,sidik"
"periksa,akan,periksa,kondisi,lokasi"
"tabrak,bantah,kabur,salah,cepat"
"akan,tuntut,bukti,salah,celaka"
"tabrak,api,transportasi,jalur"
"selamat,tumpang,celaka,budi,tuai"
"akan,tuntut,usaha,ekspedisi,libat,celaka"
"seleksi,mandiri,tahap,sore,hasil"
"tuntut,imbas"
"bukti,salah,celaka,akan,tuntut"
"buka,rancang,kendara,besar,bodi,rendah"
"apresiasi,aksi,heroik,selamat,tumpang,belum,celaka"
"saksi,kronologi,tabrak,jaga,palang,pintu"
"sosok,budi,selamat,tumpang,celaka,sorot"
"celaka,trailer,periksa"
"usut,api,abrak,trailer"
"ekspresi,kreativitas,pamer,seni"
"tradisi,unik,cuci,kuda,lumping,sambut"
"tabrak,periksa,jaga,layak"
"celaka,gunung,es,api"
"aksi,heroik,selamat,tumpang,tabrak,tuai,puji"
"celaka,tabrak,gunung,es,api"
"upaya,selamat,tumpang,aksi,heroik,puji"
"aksi,heroik,selamat,tumpang,tabrak,tuai,puji"
"tabrak,serah"
"kronologi,celaka,api,tabrak,rekam"
"minta,tolong,belum,tabrak"
"rawan,mogok,jenis,libat,celaka,api,larang,rel"
"prakira,bagi,cerah,awan,efek,bikin,khawatir"
"jalur,rel,api,sudah,insiden,tabrak"
"laku,tebang,hijau,waduk,tangkap"
"tabrak,api,serah"
"jalur,hulu,uju,sudah,cepat,batas"
"bantah,kondisi,kini,tabrak"
"tabrak,lambat"
"cepat,batas,jembatan,celaka,tabrak"
"kabur,takut,tabrak,periksa"
"dampak,api,tabrak,api,lambat"
"kaca,celaka,api,kendara,mogok,rel,sinau"
"rekam,kronologi,celaka,api,tabrak"
"jalur,sudah,buka,celaka,api,cepat,batas"
"dampak,tabrak"
"mud,trailer,tabrak,api,serah"
"miris,bayi,usia,jual,bayar"
"api,lambat,celaka"
"duga,sangkut,belum,tabrak"
"aktif,cegah,terima"
"jalur,sudah"
"pangan,naik,dagang,jerit"
"kabur,takut,tabrak"
"rekam,minta,tolong,belum,tabrak"
"celaka,jalur,sudah,cepat,batas"
"ledak,tabrak"
"kronologi,celaka,tabrak,minta,tolong,tugas"
"andal,harus,absen,cedera"
"lokomotif,selamat,tabrak"
"imbas,tabrak,trailer,telat,kompensasi,tumpang"
"tumpang,lompat,tabrak"
"atur,bidang,sanksi,pidana,bagi,langgar"
"api,tabrak,trailer,jalur,buka,harus,lambat"
"tumpang,api,tabrak,bentur,keras,asa"
"kondisi,kini,tabrak,lokasi"
"pantau,evakuasi,tabrak,harap,jembatan,rel,fungsi,normal"
"mogok,rel,belum,tabrak"
"duga,mati,belum,tabrak,minta,tolong"
"tabrak,kepala,badan,ringsek,hasil,pindah"
"deret,fakta,celaka"
"momen,selamat,tabrak"
"ganggu,celaka,tabrak"
"minta,tolong,belum,tabrak"
"tabrak,selamat"
"kondisi,kini,api,tabrak"
"ledak,tabrak,kobar,api,hasil,padam"
"celaka,mogok,korban,luka,lompat,gerbong"
"api,ledak,tabrak,hasil,padam"
"tabrak,ledak,kobar,api"
"ngeri,tabrak,trailer,api,bumbung,tinggi"
"laga"
"perintah,minta,tuntas,kasus,langgar,ham"
"jelang,cegah,ancam"
"swasta,keluh,ambah"
"raih,cegah"
"serap,aspirasi"
"serap,aspirasi,perempuan,jelajah,sapa"
"maut,izin"
"giur,hasil"
"terima,berkas,baik"
"kontraktor,baja,sukses,mukim"
"tinggal,langgar,izin,panitia"
"versus,mulai,aroma,balas,tuan"
"jelang,laga,latih,khusus,antisipasi,serang"
"lirik,koleksi,antik,barkas,tabung,buat"
"minta,maaf,keluarga,korban,tinggal"
"selidik,acara,izin"
"kering,salur,bersih"
"rahayu"
"terima,adu"
"usul,ambah,sudah,surati"
"bahas,sinergi,hadap"
"tembus,eksportir,wajib,serah,dokumen"
"ajak,cinta,lingkung,pol,pimpin,bersih,bersih"
"taman,akan,cantik"
"serang,ancam,cedera,pinggang"
"tinggal,tonton"
"wanita,nekat,curi,boks,susu,formula,minimarket"
"waspada,potensi,banjir,pesisir"
"tonton,tinggal"
"wanita,nekat,curi,boks,susu,formula,minimarket"
"kronologi,tinggal"
"sensasi,hasil,petik"
"harus,sportif,juara"
"bantu,korban,bakar,gotong"
"fakta,fakta,bocah,bakar,teman,kronologi,korban,trauma"
"tinggal,duga"
"terima,adu,langgar"
"tinggal,dunia,kronologi"
"musim,haji,konsumsi,naik"
"jual,dampak,kasus,antraks"
"korban,coba,curi,keras"
"rahayu,tekan,bangun"
"operasi,patuh"
"balai,karantina,tani,cegah,virus,antraks"
"pria,tewas,keroyok,buru,laku"
"rampok"
"waspada,bagi,besar,laku,kasus"
"cocok,data,konsumen,tahap"
"cegah,antraks,siap,vaksin"
"jual,naik,kali,lipat"
"korban,coba,ampo,laku"
"kronologi,coba,aksi,ampo"
"kronologi,lengkap,korban,ampo"
"lawan,laku,ampo"
"korban,ampo,laku"
"ampo,laku,ancam,penjara"
"rekor,miniatur,lokomotif,uap"
"ajar,jual,ajar,tingkat"
"terima,kampus,gengsi"
"tani,bantu,benih,padi"
"korban,ampo"
"korban,coba,ampo,duel,laku"
"sita,versus"
"terima,kampus,tarik,geografi,idola,kamil"
"contoh,suplai,bersih"
"suplai,bersih,kelola,baik,pilih,contoh"
"pria,tewas,bacok,lokalisasi"
"protes,bekas,gali,akan"
"zonasi,daftar"
"kerja,bangun,alir,listrik,tubuh,bakar"
"latih,harus,baik"
"didik,dukung,ambah"
"ambles,tembus,langkah,aman"
"jalur,tembus,ambles,laku"
"durasi,daftar,murid"
"gelar"
"rambah,mukim"
"tutup,dasar,wilayah,lansia"
"aksi,maling,rekam"
"seru,keras,parade"
"bangun,tembus,ambles"
"ambles,tembus,baik"
"aspek,pidana"
"duga,rem,blong,guling,muat,tumpah"
"hujan,lebat,guyur,bagi,besar,besar,juli"
"sakit,hati,cinta,putus,sebar,video,syur,mantan,kasih"
"telur,tembus"
"cabai,sayur,naik,erong"
"toleransi,uji,praktik,teori"
"wanita,unjuk,kendara,motor,gede"
"maling,bobol,rental,rekam"
"cabai,wortel,naik"
"pukau,cantik,atraksi,motor,gede"
"kampanye,anti,narkoba"
"riah,artis"
"populasi,jarah"
"proses,buat,kini,mudah"
"kaum,fakir,miskin,antre,kurban,masjid,agung"
"versus,bhayangkara,presisi"
"kembang,produk,desain,kreativitas"
"luk,media,terapi,andang"
"libur,mulai,buru"
"bantah,piagam,prestasi,palsu"
"belum,ketemu"
"libur,unjung,tingkat"
"serah,hewan,kurban,masjid,besar"
"bengkel,kepala,laris,manis"
"graha,taman,potong"
"optimis,raih,predikat,layak"
"tiket,laga,kandang,tidak,naik,murah"
"berkah,bagi,dagang,tusuk,satai,arang"
"jasa,potong,hewan,kurban,urun"
"sumbang,puluh,hewan,kurban,camat"
"optimistis,raih,gelar,layak,utama"
"bawang,merah,putih,tinggi"
"mudik,volume,kendara,tingkat"
"khatib,salat,iduladha,jaga,saudara,politik"
"tuju,wisata,edukatif"
"artis,tolong,lahir,pesawat,terbang"
"warung,jalur,kendal,bakar"
"hotel,menu,kecombrang,jagung,bakar"
"mayat,pria,tanpa,identitas,temu,selokan,istana"
"butuh,hewan,kurban,garut,tingkat"
"naik,dekat"
"tangkap,dar,narkoba"
"minat,vaksin,rabies,tingkat"
"antusiasme,tinggi,kostum,unik,sorot"
"hewan,kurban,tugas,sehat,hewan"
"genjot,investasi,gandeng,usaha"
"cegah,sebar,sakit,periksa,hewan,kurban,ketat"
"kostum,unik,ramai"
"sejahtera,gandeng"
"buka,daftar,jalur,mandiri,biaya"
"masyarakat,pilih,hewan,kurban,sehat,layak,konsumsi"
"haru,momen,pisah,bahasa"
"bina,usia,prioritas"
"kantin,kebaji,siang,gratis,selasa"
"ulik,menu,gugah,selera"
"gelar,karya,ajak"
"verifikasi,data,kendala"
"sambut,endemi,genjot,tumbuh,investasi"
"temu,mayat,tanpa,identitas,selokan"
"arik,kampus,harus,teladan"
"tingkat,kualitas,didik,program,profesor"
"bantu,aplikasi,logo"
"diskon,taktik,swasta,gaet"
"cermat,pilih,hewan,kurban,sehat,kualitas"
"uji,tahan,jelang,lawan"
"pamer,karya,seni,rupa"
"adu"
"turun,ahli,gizi,libat,tingkat,puskesmas"
"dukung"
"pamer,seni,rupa,universitas,tampil,agam,karya"
"tong,bagi,gratis,klenteng"
"ham,pantau,selidik,adu,keras"
"pria,napas,lega,cincin,malu,lepas"
"kurban,naik,hewan"
"pamer,karya,inovasi"
"festival,rebut,piala"
"musik,gelar,karya,kembang,bakat"
"kembang,kompetensi,calon,guru,gelar,karya"
"teknis,proses"
"dagang,restu,impor"
"jelang,waspada,sakit,hewan"
"ham,selidik,duga,kasus,keras"
"ngilu,tugas,bantu,lepas,cincin,vital"
"marak,gencar,vaksinasi"
"lepas,riah,gelar,karya"
"kambing,uang,koin"
"hilal,zulhijah,belum"
"tiket,kapal,naik,juli"
"kreatif,olah,limbah,jual"
"tabung,uang,receh,kambing"
"gelar,karya,pamer,hasil,kreativitas"
"tanam,bibit"
"laku,rekrut,tenaga,kerja,ilegal,tangkap,sudah,operasi"
"tangkap,susup,curi,ringan"
"kapal,motor,cipta,harap,hilang"
"upaya,dukung,bahasa,bahasa"
"nikmat,halal,festival"
"ajar,peduli,alam,tanam"
"kompetisi,logika,matematika"
"kambing,kurban,ember,penuh,koin,hasil,tabung"
"tabung,pria,kambing,kurban,uang,koin"
"korban,peras,rugi,rupiah"
"muat,jerat,pasal,ayat"
"vaksinasi,hewan,ternak,kampung,terna"
"tangkap,laku,curi,kendara,motor,lonceng,gereja"
"gelar,karya,ajang,gaet,calon"
"riah,panen,hasil,karya"
"zonasi,luas,calon"
"siap,fasilitas"
"bahan,pokok,turun,daya,masyarakat,turun"
"buka,lowong,calon"
"tangkap,susup,simpuh,kaki"
"marak,gencar,vaksinasi"
"jual,sepi"
"residivis,kasus,bunuh,aniaya"
"kering,lurah,jabung,perintah,salur,liter,bersih"
"mayat,bayi,laki,laki,temu,ambang,sungai,banjir,kanal,olah"
"kurban,bobot,jual"
"mulai,sulit,drop"
"celaka,maut,ancam,penjara"
"antisipasi,galak"
"doa,pondok"
"relawan,sobat,tunjung,solid,menang"
"turun,potong,mahal"
"seleksi,akurat,cepat"
"tari,tradisional,gelar,karya"
"jenazah,bayi,lahir,temu,alir,sungai"
"buka,daftar"
"kucing,surga,bagi,cinta,kucing"
"progres,bangun,tahap"
"uji,coba,rekayasa"
"calon,jemaah,haji,berangkat,kapal"
"seru,teman,belas,kucing"
"anugerah,konservasi"
"cegah,abrasi,tanam,bersih,bersih"
"perempuan,laku,tipu,tiket"
"ricuh,paksa,tembak"
"puji,tanggap"
"terap,stasiun,tawang"
"olahraga,bantah,usir,stadion"
"ternak,siap,kambing"
"sup,favorit,kuliner,khas"
"butuh,hewan,kurban,prediksi,naik"
"tahap,cepat,target"
"siap,persen,hafal,alquran"
"antisipasi,politik,gelar,latih,jinak,bom"
"mulai,juni"
"jembatan,bangun,rekayasa"
"suasana,haru,makam,korban,celaka,timpa"
"korban,timpa,makam"
"rem,blong,material,timpa,tewas"
"bantu,modal,miliar,gelontor,bagi"
"evakuasi,dramatis,korban,timpa"
"celaka,maut,gali,timpa,tewas"
"gabung,pil,ekstasi"
"timpa,tewas,sar,usaha,evakuasi,korban"
"tari,kepang,alternatif,hibur"
"antre,stasiun,tawang,terap,nal,wajah"
"acara,dukung,ampas,aset,koruptor,sah"
"jelang,calon,hewan,kurban,obat,vitamin"
"telur,mulai,turun"
"spora,bantah,usir,stadion"
"turun,telur,mahal"
"acara,sarasehan,kades,ajak,kades,cepat,miskin"
"baik,infrastruktur,harap,stadion,fungsi,bagi,khalayak,luas"
"aksi,curi,tabung,rekam,modus,laku"
"raup,untung,bisnis,piza,omzet"
"terima,pajak,triwulan,pertama,triliun"
"luncur,api"
"bekuk,laku,buat,ekstasi"
"ekstasi,buru,otak,buat"
"nikmat,kue,lumpur,bakar,manis,legit"
"pentas,karawitan,gambang,lahir,pancasila"
"aksi,bakti,sosial,lahir,pancasila"
"pamer,gelar,karya,ramai,lahir,pancasila"
"resmi,transfer,gali"
"partai,indra,siap,menang"
"pertama"
"tunggak,pajak,kendara,triliun"
"jelang,waisak,umat,buddha,bersih,bersih,wihara"
"gandeng,kejar,agih,tunggak,miliar"
"kisah,sukses,usaha"
"inovasi,cegah,dengue,contoh"
"temu,mayat,ambang,korban,aniaya,ludah,laku"
"kuat,toleransi,cegah,pecah,politik"
"gaduh,uang,nikah,tilap,nikah,juni"
"giat,media,sosial,ekspres,wisata"
"laku,aniaya,ujung,mati,tangkap"
"biksu,laku,ritual,tinggal,diare"
"gandeng,giat,sosial"
"gandeng,wartawan,kuat,humas"
"lebar,organisasi,tum,lantik,majelis,nurani"
"jajan,tradisional,kue,lumpur,bakar,khas,pernah,coba"
"administrasi,sensor,film,sudah,digital"
"lopor,cegah"
"sengaja,putar,kendara,sapa,istirahat"
"sedekah,dukuh,wayang,kulit,dalang,ki,nanang,wisnu"
"budaya,tradisi,sedekah"
"laku,mutilasi,solo,motif,dendam,hadap,korban"
"musim,haji,wisata,religi,manasik,haji,padat,unjung"
"kaum,indra,siap,menang"
"laku,bunuh,jasad,selokan"
"seniman,keroncong,gelar,pentas,musik,lestari,budaya"
"bangga,lulus,imtihan"
"potong,tembus"
"biksu,sambut,antusias"
"gedung,seni,taraf"
"mulai,juni,buka,reaksi,dagang"
"naik,tembus"
"baik,lunas,biaya,haji,belum,puasa"
"aksi,begal,rampas,rekam"
"lestari,musik,keroncong,keroncong"
"gaet,investor,buat,insentif,investasi"
"temu,bukti,rekonstruksi,kasus,tewas,gunung"
"rekonstruksi,bunuh,gunung,libat,teman,korban"
"tangkap,laku,curi,pagar,media,sosial"
"teman,korban,libat,rekonstruksi,bunuh,gunung"
"andang,latih,batik"
"media,sosial,sangka,bunuh,gunung"
"rekonstruksi,kasus,mutilasi,mayat"
"periksa,kait,kasus,tewas,gunung"
"adegan,rekonstruksi,bunuh,mutilasi,bos,depot"
"pertama,pelopor,terap,didik,pancasila"
"damping,jaksa,rekonstruksi,kasus,mutilasi,adegan"
"resik,resik,kali,jaga,baku"
"rekonstruksi,kasus,mutilasi,sangka,saksi,adegan"
"mati,jabat,tunggu,hasil,laboratorium"
"buka"
"alumni"
"telur,incar,curi,lonjak"
"sangka,bunuh,gunung"
"janggal,sangka,bunuh,gunung"
"laku,lari,gunung,sakit"
"tangkap,bunuh,gunung"
"sangka,bunuh,gunung,minta,maaf,ancam,penjara"
"janggal,sangka,bunuh,gunung"
"sosok,bunuh,gunung,swasta,fakultas,ekonomi,semester"
"sangka,tewas,gunung,sengaja,siap"
"nal,akhir"
"sangka,kasus,tewas,korban,media,sosial"
"bagi,motor,prajurit"
"mati,gunung,versi,sangka,bawa"
"kejang,kejang,indekos,kasus,mati,gunung"
"sangka,kasus,tewas,gunung"
"kronologi,gunung,bunuh,korban,cekok,perkosa"
"mati,gunung,versi,sangka,bawa"
"kasus,mati,gunung,kejang,kejang,indekos"
"hasil,autopsi,gunung"
"bunuh,gunung,tangkap,korban,nyata,perkosa,belum,tewas"
"kronologi,kasus,mati,gunung,sangka"
"kronologi,mati,gunung,sangka"
"dagang,telur,gulung,dampak,mahal,telur"
"forensik,temu,toksin,darah,jenazah"
"anti,berangkat,suci"
"serobot,lapor"
"rusuh,warna,tembak,mata"
"misteri,mati,gunung,duga,mati,lemas"
"hasil,autopsi,korban,mati,janggal,indekos,duga,keras,seksual"
"tewas,forensik,temu,toksin,darah,korban"
"kronologi,gunung,tinggal,kondisi,wajar"
"temu,tewas,indekos,gunung,duga,keras,seksual"
"gunung,temu,tewas,wilayah"
"dagang,telur,gulung,dampak,naik,telur"
"rahayu,akan,jamu"
"distributor,hidup,naik"
"telur,naik,dagang,kerap,protes"
"kenang,muhammad,duta,wisata"
"saksi,utama,kasus,bunuh,mutilasi,sangka"
"daftar,partai"
"hotel,lestari,kawasan"
"beda,kenang,gelar,taman,kaya"
"bunuh,bos,ganggu,jiwa"
"laku,mutilasi,bos,ganggu,jiwa"
"celaka,trailer,solo"
"promosi,pariwisata,pilih,kenang,gelar,taman,kaya"
"sangka,kasus,mutilasi,mayat"
"mutilasi,bos,dagang,sangka"
"minta,menang"
"resmi,daftar"
"seru,sehat,merdeka,ajar"
"lurah,canang,kampung,bahari"
"rutin,gelar,rahman,kini,ibadah"
"geram,aksi,koboi,kasus,bunuh,mutilasi"
"kolaborasi,kurikulum,didik,olahraga"
"kronologi,versi,laku,mutilasi,bos,galon,sinau"
"arus,mudik,konsumsi,naik"
"kepala,desa,rela,mundur,daftar"
"luncur,jember,tiket,eksekutif"
"aktor,senior,hadir,relawan,dukung"
"tarzan,hadir,relawan,dukung"
"alas,sali,bunuh,mutilasi,bos"
"sangka,mutilasi,akhir,kini,minta,maaf"
"laku,bunuh,bos,galon"
"gelar,rekonstruksi,bunuh,bos,galon"
"hadir,relawan,dukung"
"alas,gelar,rekonstruksi,kasus,mutilasi,bos,depot"
"reaksi,keluarga,korban,mutilasi,minta,maaf,sesal,alibi"
"laku,mutilasi,bos,alas,kini,sali,buat"
"lepas,ekspor,produk,as,nilai,miliar,rupiah"
"sesal,laku,mutilasi,akhir,minta,maaf"
"terang,laku,mutilasi,bos,konsisten,rekonstruksi"
"gelar,rekonstruksi,kasus,mutilasi,bos,depot,adegan"
"minta,maaf,keluarga,korban,mutilasi"
"laku,mutilasi,bos,galon,ganggu,jiwa,pakar,minta,tanggung"
"gelar,rekonstruksi,kasus,mutilasi,mayat"
"bunuh,bos,depot,sesal,psikolog,sorot,cerdas,laku"
"gelar,rekonstruksi,kasus,bunuh,mutilasi,bos,depot"
"gelar,rekonstruksi,bunuh,mutilasi,bos,depot"
"cegah,kriminalisasi,guru"
"lebaran,telur,lonjak"
"rekonstruksi,kasus,mutilasi,bos,depot,laku,adegan"
"rekonstruksi,bunuh,bos,galon,rencana,saksi,hadir"
"laku,sewa,mutilasi,bos,depot,kriminolog,normal"
"sakit,hati,salah,paham,karyawan,bunuh,bos,sadis"
"kasus,mutilasi,bos,depot,kriminolog,laku,cerdas"
"mayat,korban,jiwa,laku,bunuh,bos,depot,periksa"
"laku,mutilasi,bos,depot,minta,jual,pindah,jasad,korban"
"buat,bos,galon,laku,mutilasi,ancam,akan,bunuh,korban"
"jual,saksi,kasus,mutilasi,saksi,buat,laku"
"jual,saksi,kasus,mutilasi,mayat"
"kerja,depot,bos,salah"
"kelas,gelar,zero"
"bos,depot,pernah,ancam,akan,bunuh,kerja"
"teknisi,tewas,lift,kantor,makam"
"peran,dagang,bunuh,bos,galon,tidak,lapor"
"dendam,sangka,mutilasi,aniaya,korban,tewas"
"kronologi,mutilasi,bos,depot"
"lengkap,laku,mutilasi,bos,depot"
"laku,bunuh,mutilasi,dendam,hadap,korban"
"mutilasi,bos,hidup,korban,napas,kayak"
"laku,mutilasi,bos,sakit,hati"
"nilai,laku,mutilasi,bos,sosok,diam"
"laku,mutilasi,mayat,tangkap,tampang"
"karyawan,laku,mutilasi,mayat,bos,depot"
"bunuh,mutilasi,bos,depot"
"sakit,hati,aniaya,karyawan,mutilasi,bos,depot"
"bunuh,bos,laku,curi,uang,open"
"alas,laku,mutilasi,bos,galon,lari,langsung,enak"
"senyum,kronologi,mutilasi,bos,depot"
"mutilasi,bos,ambil,pakai,buat,mabuk,sewa"
"alas,kabur,mutilasi,bos,bikin,tawa,wartawan"
"bunuh,bos,laku,curi,uang,cewek,open,aplikasi"
"alas,laku,kabur,bunuh,mutilasi,majikan,kerja"
"laku,bunuh,mutilasi,bos,depot,tangkap"
"laku,bunuh,mutilasi,alas,habis,bos,depot,dendam"
"laku,mutilasi,dendam,sakit,hati,korban"
"jasad,bos,depot,mutilasi,laku,sakit,hati,salah"
"bunuh,bos,galon,potong,korban"
"alas,laku,mutilasi,bos,galon,langsung,serah,enak"
"laku,mutilasi,mayat,sudah,rantau"
"keluarga,laku,mutilasi,bos,reaksi,diam"
"makam,teknisi,lift,kantor,santun"
"keluarga,laku,mutilasi,bos,reaksi,diam"
"tampang,laku,mutilasi,mayat"
"bunuh,bos,galon,sesal,puas"
"tua,kaget"
"salah,komunikasi,teknisi,tewas,lift,kantor"
"tangkap,laku,mutilasi,mayat"
"laku,mutilasi,mayat,bos,depot,karyawan,korban"
"laku,mutilasi,bos,hidup,buat,pingsan"
"tragedi,lift,kantor,korban,tinggal,dunia"
"fakta,temu,mayat,korban,mutilasi"
"fakta,usaha,mutilasi,laku,balas,dendam,marah"
"laku,utama,kasus,mutilasi,bos,galon,tangkap,rilis"
"gelar,olah,kasus,temu,mayat"
"tragis,teknisi,tewas,baik,lift,kantor"
"cekcok,pesta,ujung,maut"
"usaha,tewas,mutilasi,jenazah"
"korban,tewas,lift,duga,salah,prosedur"
"jenazah,pria,temu"
"belum,mayat,korban,mutilasi,bagi"
"identitas,mayat"
"bawang,belum,turun,lebaran"
"teknisi,kantor,tewas,lift"
"teknisi,tewas,lift,kantor"
"lebaran,bawang,belum,turun"
"daftar"
"dagang,erong,keluh,bawang,tinggi"
"geger,temu,jasad,pria,usaha"
"pria,nyata,usaha,jasad,mutilasi,bagi"
"demo,dewan,hadiah,tikus,telur"
"kronologi,temu,mayat,bau,busuk"
"depot,tewas"
"halalbihalal,erat,jalin,silaturahmi,rukun"
"obat,ida,kecewa,nyata,info"
"tipu,info,praktik,obat,ida"
"cabai,erong,mulai,turun"
"parade,sarung,gaya,riah"
"tebing,longsor,akses,putus"
"pasang,atribut,kampanye,ibadah,larang"
"larang,pasang,atribut,kampanye,ibadah"
"libur,lebaran,serbu,unjung"
"lebaran,cabai,turun"
"luncur,aplikasi,digital,layan,masyarakat"
"ari,riah,layan,baik"
"siap,gandeng,maju"
"gelar,tari,massal,didik,nasional"
"minta,sedekah,zakat,tidak,tumpang,politik"
"aksi,buruh,awas"
"pawai,gelar"
"buruh,dunia,puluh,buruh,tuntut,cabut,cipta,kerja"
"ajar,tabrak,api,kendal,imbau,patuh,atur"
"joget,bareng,hut"
"riah,pawai"
"buruh,korban,bengkel,motor"
"aksi,buruh,tuntut,cipta,kerja,cabut"
"bakar,gudang,rosok,aksi,cepat,tugas,selamat,mukim,padat"
"potret,toleransi,fitri"
"larang,kampus,lokasi,kampanye"
"raih,juara,pertama,selenggara,perintah"
"sandi,panggung,sinyal,koalisi"
"udik,gratis,kapal,perang,senang"
"bongkar,lapak,dagang,kawasan,kanjeng"
"arus,ruas,siap,celaka"
"momen,kapal,perang,angkut,roda,armada"
"lelah,bekas,udik,motor,celaka"
"dukung,sanjung"
"pantau,arus"
"temu,sinyal,duet"
"gudang,rongsok,bakar"
"diskon,persen"
"nikmat,libur,lebaran"
"naik,kapal,perang,udik,antusias"
"cuti,lebaran,harus,izin"
"pesawat,gagal,terbang,apresiasi"
"antusiasme,udik,naik,kapal,perang"
"laku,diskon,tarif,persen,trans,arus"
"terap,gerbang"
"cuti,lebaran,bilang"
"pantau,udara,arus,solo"
"destinasi,wisata,favorit,udik"
"destinasi,wisata,favorit,udik"
"mudik,lebaran,sri,kenang,buru,kuliner,legendaris"
"ruas"
"arah,gerbang,lengang,siang"
"kondisi,arus"
"udik,buru,khas"
"lebaran,cabai,bawang,bombai,gila,gila"
"bantu,udik,indra,bagi,bungkus"
"bagi,paket,masyarakat,belu,tenggara"
"masyarakat,harap"
"henti,bebas,lindung"
"tunggu,udik,rela,antre,cepat"
"arus,tumpang"
"limbah,kayu,dekorasi,interior,nan,cantik"
"tugas,sehat,siap,arus,mudik"
"aman,gelar,patroli"
"siap,salat,fitri"
"produsen,petas,kam"
"imbau,hindar,arus,tanggal,april"
"salat,fitri,kampus"
"olahraga"
"arus,mudik,maskapai,aju"
"momen,tinjau,area"
"jadwal,imsak,subuh,bandung,medan,jumat,april"
"hilang,kendali,bus,tabrak,solo"
"daftar,lokasi,salat,idulfitri,jumat,april"
"jadwal,buka,puasa,medan,kamis,april"
"bahaya,udik,parkir,bahu"
"puncak,arus,mudik,pintu,padat,udik,kilometer,april"
"tinjau,stok,jalur,mudik,aman"
"udik,istirahat,lelah,setir"
"udik,naik,kapal,perang,gratis,labuh,tanjung,emas"
"aplikasi,digital,cegah,jahat"
"puncak,arus,mudik,langsung,nasional,terap,april"
"gerbang,padat,terap"
"jadwal,imsak,subuh,bandung,kamis,april"
"bingung,mudik,jenis,area,sinau"
"laku,olah"
"area,batang,fasilitas,sambut,udik,info,mudik"
"anti,cemas,simak,listrik,aman,tinggal,mudik"
"area,siap,antisipasi,lonjak,udik"
"wakil,dorong,usaha"
"jadwal,imsak,subuh,bandung,april"
"mulai,laku"
"damai,ramadan,yatim,terima,santun"
"berkah,ramadan,bagi,takjil,gratis"
"udik,larang,istirahat,bahu"
"jadwal,buka,puasa,medan,selasa,april"
"stasiun,tawang,mulai,padat,udik"
"mulai,april,laku,atur"
"sebar,tugas,aman,mudik,lebaran"
"musnah,botol,knalpot,bahan,mercon"
"jadwal,imsak,wilayah,bandung,selasa,april"
"jadwal,buka,puasa,bandung,medan,april"
"pantau,siang,senin,april"
"gerak,juara"
"duga,korupsi,hibah,mantan,periksa"
"mudik,gratis,naik,kapal,perang,syarat,mudah"
"temu,takjil,kandung,bahan,bahaya"
"macet"
"jamin,selamat,udik,kerah,tugas,aman"
"indah,toleransi,bangun,sahur,musik"
"indah,toleransi,bangun,sahur,musik"
"udik,labuh,kendal"
"rekonstruksi,jembatan,pemali,molor,siap,rekayasa"
"laku,begal,tangkap,tegal"
"titik,lelah,celaka,trans,udik,wajib,istirahat"
"jadwal,imsak,subuh,bandung,senin,april"
"mudik,unik,kawasan,sedia,fasilitas,lengkap,gratis"
"jadwal,buka,puasa,bandung,medan,minggu,april"
"jadwal,buka,puasa,bandung,medan,ramadan,april"
"sambut,udik,ramadan,labuh,tanjung,emas"
"minibus,tabrak,solo,korban,jiwa,luka,luka"
"kronologi,celaka,maut,solo,libat,versus,tewas"
"alas,motor,pilih,mudik,kapal,uju"
"jadwal,buka,puasa,bandung,medan,sabtu,april"
"tekan,inflasi,gelar,bazar,ramadan"
"korban,celaka,maut,solo,makam,massal"
"saksi,korban,selamat,celaka,solo"
"raih,bangun"
"jenazah,korban,celaka,solo,pulang"
"jadwal,imsak,subuh,bandung,sabtu,april"
"top,celaka,solo,tangkap"
"celaka,solo,tewas,gelar,olah"
"olah,maut,solo"
"jenazah,korban,maut,solo,visum"
"prihatin,kondisi,rektor,harus,selamat"
"celaka,solo,korban,tinggal"
"evakuasi,jenazah,korban,maut,solo"
"kronologi,lengkap,celaka,solo,korban,impit"
"korban,solo"
"korban,tewas,celaka,maut,solo"
"masuk,besar,laku,uji,visitasi"
"advokat,kompak,dukung,lawan,korupsi"
"rektor,harus,selamat"
"isu,restu,urus,bu,mega"
"arus,mudik,konsumsi,naik,persen"
"celaka,solo,berat,bantu,evakuasi,kendara"
"olah,celaka,solo,duga"
"hancur,guling,libat,celaka,solo"
"celaka,solo,enam,korban,tinggal"
"larang,mudik"
"evakuasi,celaka,solo,berat,terjun"
"duga,celaka,solo"
"enam,korban,tewas,celaka,solo,hasil,evakuasi"
"selamat,celaka,solo,sahur"
"celaka,solo,bagi,jalur"
"kronologi,celaka,solo,tewas,kendara,parkir,tabrak"
"nenek,minta,kepala,dusun,terima,ganti,rugi,lahan"
"celaka,solo,korban,tinggal,dunia,tumpang,minibus"
"kondisi,kini,celaka,maut,solo,hancur,guling"
"celaka,solo,tewas"
"jasad,korban,celaka,maut,solo"
"celaka,kendara,solo,kabar,tewas"
"enam,tewas,celaka,solo"
"jadwal,imsak,subuh,bandung,jumat,april"
"terima,ganti,rugi,lahan,nenek,minta,kepala,dusun"
"ricuh,demo,tolak,cipta,kerja"
"demo,roboh,pagar"
"jadwal,buka,puasa,bandung,medan,kamis,april"
"jasa,marga,siap,skenario,lancar,udik"
"minta,baik,jalur,mudik,kebut"
"udik,kapal,mulai,adati,labuh,tanjung,emas"
"antisipasi,tipu,kode,masjid"
"jasa,marga,siap,skenario,antisipasi,macet,celaka,trans"
"laku,masjid,video,edar"
"tangkap,kait,kasus,suap,stasiun,tegal"
"siap,kapal,motor,angkut,udik,libur"
"jadwal,imsak,subuh,bandung,kamis,april"
"kisah,minta,ganti,rugi,lahan,nyata,salah,taksir"
"kondisi,balai"
"bantu,paket"
"ari,dukung,sah,ampas,aset"
"masuk,besar,anugerah"
"bagi,berkah,bahagia,yatim"
"iring,iring,sidik"
"jelang,lebaran,toko,bahan,kue,ramai,kunjung"
"iring,iring,sidik"
"arus,mudik,dekat,rusa,jalur"
"gerak,cepat,laku,jahat,hadap,sersan,hanif"
"ikat,mulut,selamat,tegal"
"jadwal,imsak,subuh,bandung,april"
"gelar,jabat,balai,tangkap"
"jari,festival,bagi,baik,ramadan"
"baik,jembatan,utama,wilayah,kelar,lebaran"
"labuh,tanjung,emas,siap,hadap,lonjak,udik"
"busana,muslim,warna,pastel,tren"
"duga,gelap,bus,usaha,rembang"
"harap,pinang"
"distribusi,tradisional,belum"
"daftar,stasiun,listrik,batang"
"nikmat,kambing,guling,menu,buka,hotel"
"relawan,gelar,musyawarah,siap,strategi"
"demo,tolak,ujung,ricuh"
"jadwal,imsak,wilayah,bandung,selasa,april"
"demo,tolak,akhir,ricuh,temu"
"dagang,pantau,jelang,lebaran"
"kapal,utama,siap,angkut,udik,lebaran"
"jadwal,buka,puasa,senin,april,bandung,medan"
"favorit,pilih,pimpin"
"kambing,guling,menu,buka,puasa"
"berkah,ramadan,pesisir,bantu"
"siaga,layan,antisipasi,puncak,arus,mudik"
"jadwal,buka,puasa,minggu,april,bandung,medan"
"hebat,ramadan"
"jadwal,imsak,subuh,bandung,sabtu,april"
"buru,takjil"
"rahman,inflasi,rendah"
"kendara,masuk,gerbang,prediksi,naik,persen"
"kapal,siap,arus,mudik,lebaran"
"rukun,jaga"
"visualisasi,salib,kenang,kisah,sengsara,kristus"
"tinggal,tren,nyata,baju,muslim,nuansa,pastel,ati,masyarakat"
"kapal,siap,angkut,udik"
"stok,bahan,pokok,aman,jelang,lebaran"
"jelang,fitri,tekan,inflasi,program,rahman"
"bubur,kuliner,khas,ramadan,masjid,pekojan,legendaris"
"jadwal,imsak,subuh,bandung,jumat,april"
"tumbuh,cepat,puji"
"jadwal,buka,puasa,kamis,april,bandung,medan"
"sangka,bahan,ledak,tangkap"
"kasus,narkoba"
"apresiasi,kembang,cepat,amin"
"jadwal,imsak,subuh,bandung,kamis,april"
"murah,produk,murah,mulai,rajin"
"jadwal,buka,puasa,ramadan,april,bandung,medan"
"puasa,siap,strategi,stok,darah"
"kunjung,harap,damai"
"jadwal,imsak,subuh,bandung,april"
"sangka,kasus,narkoba"
"jadwal,buka,puasa,selasa,april,bandung"
"partai,target,besar,dukung"
"mabuk,rusak,motor,akhir,tangkap"
"lengkap,jadwal,mudik,bandung"
"indra,target,kursi"
"indra,catat,daftar"
"dadak,panggil"
"tarif,trans"
"dadak,panggil,bahas"
"momen,pulang,dadak,panggil"
"bukit,senja"
"aplikasi,raih,top,layan"
"bab,sembarang"
"sehat,metode,omnibus,hindar,potensi,tumpang,tindih,atur"
"murah,rahman,serbu"
"tradisi,masak,bubur,saji,buka,puasa"
"pangan,lonjak,jelang,lebaran,gelar,murah"
"korsleting,listrik,hangus,bakar"
"jadwal,imsak,subuh,bandung,minggu,april"
"aplikasi,raih,top,inovasi,layan"
"temu,awas,edar"
"jadwal,buka,puasa,jumat,maret"
"kandung,zat,bahaya,temu,erong"
"hilang,pria,nekat,jambret"
"jadwal,imsak,subuh,bandung,jumat,maret"
"tangkap,laku"
"omzet,dagang,baju,tingkat,ramadan"
"buru,uang,lebaran,rela,antre"
"minta,semangat,latih"
"sungai,luap,karyawan,pilih,pulang"
"kasus,nikah,umur,syekh,puji,panggil"
"razia,ramadan,toko,kelontong,segel"
"colong,mahkamah,agung,rancang,manajemen,anti,uap"
"jadwal,imsak,subuh,bandung,kamis,maret"
"jelang,laga,versus,tugas,siaga,batas"
"aman,jelang,laga,lawan,stadion"
"nekat,terjang,banjir,karyawan,paksa,putar,takut,hanyut"
"bagi,takjil,gratis,toleransi,tinggi,umat"
"bekal,uju,akhirat,lansia,ramadan"
"jadwal,buka,puasa,senin,maret,bandung"
"percaya,bunuh,keluarga,minta,usut"
"tumbuh,cinta,budaya,pagelaran,tari"
"imbau,dagang,kembang,api,jual,petas"
"kolaborasi,pamer,karya,multimedia"
"tolak,percaya,perintah"
"ramadan,prediksi,konsumsi,naik,persen"
"stabil,tinggi"
"obat,ilegal,musnah"
"kondisi,duka,ajudan,almarhum"
"malu,gandeng,universitas,kelola"
"jadwal,buka,puasa,senin,maret,azan,magrib"
"ramadan,vaksinasi"
"bawa,rakyat,bahasa,inggris,tanpa,teks"
"buru,takjil,favorit,khas,ramadan"
"rukun,jemaat,gereja,bagi,takjil"
"resmi,unit,ambulans,panser,stadion"
"jadwal,imsak,subuh,bandung,solo,senin,maret"
"jadwal,buka,puasa,maret,ramadan"
"tewas,ajudan,padat,layat"
"jadwal,imsak,buka,puasa,bandung,medan,sabtu,maret"
"kondisi,aman,layar"
"jadwal,buka,puasa,bandung,jumat,maret"
"ganggu,arus,lapak,dagang,alun,alun,bongkar"
"jadwal,imsak,buka,puasa,tegal,kudus,jumat,maret"
"bongkar,lapak,dagang,dugder"
"manusia,temu,plafon,kosong"
"festival,dermaga,antusias,naik"
"etika,dunia,cegah,masuk,paham,ekstrem"
"sosialisasi,awas,gandeng,konten,kreator"
"tugas,hilal,tunggu,ramadan"
"dugder,rebut,kue,rel"
"masyarakat"
"sambut,ramadan,sukses,gelar,dugder"
"ancam,sita,nyata,sertifikat,gadai"
"sambut,tradisi,dugder,gelar"
"pantau,gera,jelang"
"pentas,cinta,lagu,momen,bangkit,lagu"
"penuh,genjot,produksi"
"ramadan,larang,bagi,bagi,takjil,batas,buka,hibur"
"relawan,sepakat,cipta,damai"
"perempuan,masak,cegah"
"telur,naik"
"sambut,ramadan,gelar,tradisi,gebyur"
"kapal,perang,akan,sandar,labuh,tanjung,emas"
"laga"
"raih,digital"
"jelang,telur,tradisional,naik"
"robot,gamelan,tabuh,gamelan,otomatis"
"koperasi,harap,bantu,modal,bisnis,digital"
"jelang,hut,perintah,dorong,produk,sertifikat,halal"
"target,daftar,serap"
"nostalgia,tradisional,dugder"
"tinggal,dekat,kapon,siap,relokasi"
"kudap,jual,dugder"
"keren,buat,animasi,edukasi,cegah,banjir"
"turis,larang,sewa,motor,akan,pantau,dampak"
"mudik,lebaran,lebaran,baik,sudah,beres"
"tangkal,bebas,lahan"
"jelang,suci,ramadan,bahan,pokok,tradisional,rangkak,naik"
"saji,gizi,gratis,warung,ikhlas,bantu"
"stabil,jelang,ramadan,gelar,operasi"
"erupsi,rapi,minta,waspada"
"tabrak,pikap,muat,sayur,ungar"
"celaka,libat,tewas"
"buat,aroma,terapi"
"kendara,tewas"
"aksi,demo,tuntut,ketua,mundur"
"tangki"
"indra,buka,daftar"
"rusak,mulai,baik"
"raih,universal,tinggi,anggar,biaya,miliar"
"resah,deret,kasus,keras,ujung,kriminal"
"jamin,aman"
"jelang,peta"
"seleksi"
"generasi,gerak,dukung"
"cipta,animasi,edukatif,banjir"
"abu,landa,kendara,tutup,debu"
"dampak,hujan,cabai,sayur,naik"
"tekan,deteksi,rawan"
"sepi,gadang,klitik,minta,solusi"
"temu,pimpin,demo,tolak,akhir,ricuh"
"blokir,demo,tolak"
"cabai,mulai,tembus,jelang,ramadan"
"arah,korps,siap,aman"
"ramadan,bi,siap,langkah,antisipasi,inflasi"
"stok,aman,jelang,ramadan"
"pasok,aman"
"aman,piala,dunia,siap"
"siap,juara,piala,festival,wanita"
"keren,buat,animasi,ajar,banjir"
"hut,kelompok,sadar,wisata,gelar,genjot,pariwisata"
"tradisi,budaya,sambut"
"pugar,makam,ulama,besar,kiai,darat,nyaman"
"umat,dewi,welas,asih"
"buka,ajak,terap,pola,hidup,sehat"
"isu,resesi,optimis,hadap,tantang,ekonomi"
"dorong,dana,darurat,baik,rusak"
"berkah,suami,istri,sukses,rintis,usaha,bandeng,presto"
"sambal,durian,mengkal,unik,enak,mudah,buat"
"prakira,besar,urut,hujan,guyur,wilayah"
"apresiasi,kinerja,hasil,turun,angka,persen"
"curi,janji,minta,korban,tabur,garam,gondol,uang"
"adu,rusak,instruksi,optimal,biaya,darurat"
"rujuk"
"pungli,seleksi,bintara,tuntut,mundur"
"telan,anggar,miliar,cantik,taman"
"dagang,teken,kayu,inggris"
"cetak,gol,gawang,pingsan"
"perintah,target,sambung,masuk"
"kisah,sukses,usaha,bandeng,presto,tembus,mancanegara"
"pajak,bubar,tum,sah,sah"
"perempuan,lansia,korban,turun"
"temu,terima,hadiah"
"puluh,desa,ujung,ujung,camat,tuntut,hukum"
"kepala,tidak,harus,guru,gerak"
"koordinator,maki,lapor,duga,selundup,mewah"
"gajah"
"maki,lapor,selundup,mewah,labuh"
"zona,merah,camat,tinggi,kasus"
"pasien,sultan,agung,tingkat,mayoritas"
"kuda,bendi,curi,jumat"
"akhir,damai,senjata,tajam,cekcok,terima,pepet"
"politik,masjid,pusat"
"suami,kena,pandemi,istri,rintis,bisnis,bandeng,presto"
"siap,menang"
"harus,humas,era,digitalisasi"
"waspada"
"gejala,tinggal"
"kuda,bendi,raib,tinggal,salat,jumat"
"media,sosial,kasus,oknum,marah,akhir,damai"
"calon,jemaah,haji,mulai,kumpul,paspor"
"saji,istimewa,olah,ikan,vide,salmon"
"ajang,kreativitas"
"ukir,prestasi,cabang,olahraga,panah"
"parade,kena,sarung,kampanye,budaya"
"jemaah,haji,mulai,kumpul,paspor,jelang,musim,haji"
"waspada,tinggal"
"amuk,pakai,sangkur,buka"
"longsor,getas,dinding,tahan,ambrol,luka"
"gelar,bahas,nasib,kompetisi"
"kronologi,belas,kulon,rendam,lumpur,tanggul,jebol"
"longsor,ancam,aman"
"modus,curi,tamu,hotel"
"banjir,waspada"
"parade,riah,sarung,nasional"
"panen,impor,rendah,buat,tani,puruk"
"cegah,longsor,ungar,bangun,ban,bekas"
"jalur,kudus,rendam,banjir,alih"
"induk,rusak,bikin,omzet,dagang,turun,drastis"
"selaras,jiwa,raga,senam,yoga"
"komisi"
"cabai,rawit,merah,bulu,tembus"
"harus,jeli,laku,awas,media,sosial"
"rebut,kursi,legislatif,pan,siap,strategi,khusus"
"tamu,hotel,pria,curi"
"laga,versus,resmi,tunda,faktor,aman,alas,utama"
"sakit,tewas,bakar"
"jelang,panen,jamin,stok,aman"
"longsor,ungar,ancam,puluh,subsidi,roboh"
"kronologi,tumpang,pesawat,bawa,bom,terbang,tunda"
"erat"
"optimis,ketua,nyali"
"jual,fokus,tradisional"
"liter,gelontor,tradisional"
"jemput,imigrasi,prioritas,paspor,haji"
"motor,terjun"
"pot,kuliner,murah,hotel"
"buat,film,animasi,hadir,ikon"
"hadap,krisis,pangan,tan,ajak,jaga,pangan"
"tabrak,tewas,lokasi"
"tani,harap,konservasi,lahan"
"naik,laris,manis,erong"
"naik,dagang,stok"
"bawang,putih,naik,bawang,merah,turun"
"perempuan,tewas,senapan,angin,sengaja,tarik,pelatuk"
"tragis,perempuan,tewas,senapan,angin"
"top,jenguk,resmi,kondisi,kondusif"
"resmi"
"resmi,sayung,integrasi,kawasan,produksi"
"tabrak,kronologi"
"butuh,oknum,guru,honorer,curi"
"dorong,inovasi,gelar,karya"
"identitas,duduk,digital,persen"
"biaya,naik,calon,jemaah,haji,mundur"
"celaka,maut,tabrak,suami,istri,tewas"
"gelar,antisipasi,ancam"
"cegah,banjir,konservasi,modifikasi"
"aset,dinar,indah,ungsi"
"jual,temu"
"banjir,tradisional"
"hujan,deras,longsor"
"gajah,betina,mati,usia"
"inspirasi"
"sakit,gigi,ginjal,gajah,betina,mati"
"kunjung,duel,versus,sita,pindah"
"cegah,perintah,pelita"
"akan,relokasi,dinar,indah,olak"
"kerap,banjir,bandang,minta,tanggul,permanen,bangun"
"hujan,deras,longsor"
"banding,dinar,indah,tolak,relokasi"
"cipta,simulator,teknologi,virtual"
"cipta,bas"
"awas"
"komikus,pamer,komik"
"bakar,hebat,landa,gudang,plastik"
"durian,jumbo,ramai,festival,durian"
"mulai,februari,tiket,lebaran,sudah,pes"
"korban,banjir,hujan,sih,perabot"
"cegah,ricuh,minta,koordinator,persis,solo,temu"
"duga,antuk,solo"
"tampil,sehat,bugar,kencang,senam"
"hebat,cipta,simulator,virtual"
"ajar,budaya,tradisi"
"kembang,potensi,ajak,bupati,gandeng,investor"
"wartawan,nomor,punggung,unik"
"rekam,indah,sudut,sketsa"
"rajin,donor,darah,bikin,awet,sehat"
"awas,ketat,distribusi,tradisional"
"tanggul,rembes,dinar,indah,butuh,tanggul,permanen"
"ambil,langkah,bentuk,komite,cegah,ricuh"
"banjir,bandang,sih,lumpur"
"rahayu,buka,festival,durian"
"wilayah,mukim,dampak,banjir,sungai,pengkol,luap"
"bentuk,komite,ad,lindung"
"minta,koordinator,temu,favorit,tonton,ya"
"cegah,ricuh,harap,kelompok,persis,temu"
"ricuh,tum,bentuk,komite,ad"
"bentuk,komite,ad,buntut,ricuh,versus"
"gelar,bentrok,stadion"
"minta,investigasi,mata,bentrok,versus"
"edar,palsu,liter"
"rahayu,bagi,alam"
"aksa,masuk,stadion,bentrok"
"imbas,mata,ricuh,versus,rapat,genting,kumpul"
"alas,tembak,mata,kini,periksa,ricuh"
"ricuh,stadion,tanding,versus,persis,akan,laku,evaluasi"
"ricuh,stadion,minta,koordinator,temu,damai"
"ricuh,stadion,situasi,sudah,kondusif,belum,lapor,korban,luka"
"ricuh,stadion,minta,koordinator,temu"
"situasi,stadion,mulai,kondusif,ricuh,korban,luka"
"ricuh,stadion,imbau,tahan"
"ricuh,stadion,paksa,masuk,stadion"
"halau,area"
"lempar,batu,balas,mata"
"ricuh,kecewa"
"stabil,gelontor"
"muncul,liter,keluh"
"korban,leceh,kampus"
"salur,bagi,korban,banjir"
"tekan,operasi"
"langka,pangan,gudang"
"aksi,bobol,rekam,laku,tahan"
"cegah,abrasi,tanam,bibit"
"cegah,abrasi,konsisten,tanam,pesisir"
"kantor,segel,tuntut,ketua,mundur"
"olak,tangkap,curi,motor,gigit"
"belum,perwira,bekal,terap,hukum,progresif"
"angka,turun,persen,apresiasi,kinerja"
"selamat,gempa"
"fokus,bangun,tahan,pangan"
"usung,konsep,maju"
"kasih,jual,cokelat,modifikasi,laris,manis"
"pakai,liter"
"antusias,bareng,sidang,vonis"
"alas,faktor,laga,versus,tunda"
"kantor,segel"
"seru,ajar,buat,roti,ahli,belanda"
"pustaka,keliling"
"mudah,izin,tekan,tambang,ilegal"
"kampanye,gratifikasi,sasar"
"periksa,hamil,rutin,cegah,bibir,sumbing"
"waspada,kasus,diabetes,tingkat"
"abai,curah,ati"
"selamat,gempa"
"selamat,gempa,tua,posisi,tidur"
"ayah,selamat,akhir,kabar"
"bangun,fokus,utama,perintah"
"simak,atur,pakai,kuota,batas"
"hebat,lukis,lukis,indah,lahir,teman"
"akan,hadir,haul,abah"
"tidak,wajar"
"vaksinasi,pasang,target"
"hebat,andang,gelar,pamer,lukis"
"gera,lurus,netral"
"dermaga,labuh,tanjung,emas,tinggi,tanggul,kuat"
"vaksinasi,makam,warna"
"dinar,indah,tuju,relokasi"
"akan,hadir,seminar"
"ulama,kondang,nyentrik,lulus,predikat,hormat,tinggi"
"belum,terap"
"bangun"
"bahan,pokok,naik,dagang,porsi,naik"
"wakil,perempuan,lurah"
"nama"
"bangun,liar,labuh,tanjung,emas,bongkar,paksa"
"temu,mayat,bayi,bungkus,plastik"
"cipta,konsep,cerdas"
"langka,keluh,dagang"
"temu,jasad,bayi,bungkus,sarung,cokelat,kerumun,lalat,gandeng"
"terjang,ombak,tagih,janji,bantu,perintah"
"canggih,cipta,miniatur,cerdas"
"bawang,merah,tradisional,naik,tembus"
"langka,keluh"
"jaga,tradisi,cap"
"rusak,terjang,ombak,harap,bantu"
"rusak,terjang,ombak,bantu,kunjung"
"quran,implementasi,profil,ajar,pancasila"
"nikmat,lontong,cap,saji,wajib,imlek"
"pajak,lampau,target"
"cegah,tempel,waspada"
"hijau,kampus,tanam"
"buka,butuh"
"klaim,provinsi,melek,isu"
"komunikasi,keluarga,cegah,kawin,hamil,nikah"
"marak,isu,sosialisasi"
"rusak,celaka,akhir,baik"
"ikan,inspirasi,tata,kelola,buat,miniatur"
"gelar,relawan,musyawarah,dukung"
"laku,erang,cuci,tangkap"
"usia,roboh"
"calon,lurah,tes,wawancara"
"hijau,sungai,solusi,cegah,banjir,dinar,indah"
"antisipasi,ketat,awas"
"ikan,arah,asli"
"cegah,banjir,randu,tanam,ungar"
"khusus"
"aksi,curi,motor,rekam"
"nikah,marak,psikolog"
"antisipasi,banjir,dinar,indah,akan,laku,kali,babon"
"hujung,miliar,dana,salur"
"dana,tanggulang,miskin,triliun"
"naik,tembus,liter"
"modus,tumpang,permen,korban"
"bisik,temu"
"partai,indra,muncul"
"kondisi,longsor,area,solo"
"terjun,politik,suka,pilih"
"longsor,area,solo,timpa,longsor"
"tebing,area,solo,longsor"
"bocah,korban"
"potensi,banjir,bandang,susul,tanggul,dinar,indah,harus"
"khusus"
"resmi,miskin"
"rokok,ilegal,musnah,rugi,miliar"
"momen,mega,tepis,isu,renggang"
"bang,lantik"
"tebing,area,solo,longsor"
"siap,fasilitas"
"hadir,lantik,sunti,semangat"
"terima,isu,panik,lapor"
"euforia,lantik,perempuan,pertama"
"gera,tanam,manfaat,lahan,kosong"
"minim,ruang,buka,hijau,picu,banjir"
"rela,aula,lurah,vaksinasi"
"urus,pimpin"
"temu,hadir,mega,sinyal,politis"
"momen,duduk,belah,hadir,lantik"
"momen,lantik,hadir,masuk,ketua"
"mulai,tarif,naik"
"momen,duduk,belah,lantik"
"temu,hadir,mega,sinyal,politis"
"lantik,hebat"
"hadir,lantik,politikus,durian,runtuh"
"pesta,rakyat,warna,lantik"
"hadir,lantik"
"hadir,lantik"
"efek,jera,harus,tindak,gangster"
"paham,guru,suluh,tingkat"
"paguyuban,antusias,sambut,lantik"
"hadir,resmi,lantik"
"siswi,cipta,aplikasi,deteksi,halal,haram,kadar"
"ritual,tolak,bala,ambal,nasib"
"sayur,hidroponik,pekarang"
"sampah,buang,akhir,kapasitas"
"serap,anggar,persen"
"miskin,picu,tinggi,angka,kasus,keras"
"vaksin,stok,vaksin,habis,kejap"
"jadwal,hadir,lantik,deg,degan"
"jaga,lingkung,gelar"
"latih,ajar,jiwa,bazar"
"peta,potensi,lokasi,khusus"
"rela,antre,antusias,vaksinasi"
"sulit,cari,naik"
"rugi,bala,liar,tani,lapor"
"tengok,kilas,pamer,foto"
"gera,sang,motivator,raih,gelar,doktor,hormat"
"gedung,tua,aset,akan,optimal"
"waspada,gelombang,utara"
"belum,jangkit"
"sekuriti,aniaya,tewas"
"pamer,foto"
"libur,imlek,bandeng,presto,mochi,buru,wisatawan"
"tengok,kilas,pamer,fotografi"
"naik,bawang,merah"
"mulai,januari,masyarakat,vaksinasi"
"layan,vaksinasi,puskesmas,stok,vaksin,batas"
"delapan,laku,erang,tangkap"
"serba,serbi,imlek"
"nekat,pria,curi,pakai,wanita,bahan,fantasi"
"beasiswa,kursus,bahasa,inggris,mitra,gojek"
"festival,dongkrak,kunjung,wisatawan"
"cegah,menu,sehat,gizi,bayi,hamil"
"menu,cegah,hamil"
"solo,target,rampung"
"kejar,otak,bala,liar,waduk"
"kue,gemini,kudap,manis,kenyal,khas,imlek"
"imlek,pandemi"
"angkat,potensi,seni,kreativitas,perintah,luncur,festival"
"beda,busana,ramah,lingkung,balkon"
"ular,masuk"
"tani,gunung,pati,raup,untung,panen,rambutan"
"tampil,agam,tari"
"kampus,sinar,upaya,perang,narkoba"
"peran,kawal"
"daftar,perempuan"
"jelang,imlek,bersih,bersih,klenteng"
"tua,duga,teroris,tangkap,pondok,aren,syukur,tangkap"
"curi,rakit,hakim,massa"
"antusias,giat,bersih"
"nal,klenteng,marga,tan,pecinan"
"kue,mochi,kudap,manis,kenyal,khas,imlek"
"buya,terima,gelar,profesor,hormat"
"bantu,korban,banjir,upa"
"salur,bantu,korban,banjir"
"jelang,imlek,minta,lampion,tingkat"
"dewa,siap,dana"
"bantah,insentif"
"pemali,pernah,tebang"
"naik,pilih"
"inggris,bantu,kembang,transportasi"
"tip,naik,stok,darah,kini,aman"
"olahraga,latih,boyong"
"bersih,bersih,klenteng,jelang,imlek"
"korban,banjir,terima,bantu,lengkap"
"berat,warung,jual"
"gabung,bentuk,berantas,tambang,ilegal"
"erang,senjata,tajam,cinde"
"duga,laku,rusa,cinde,aman,tugas"
"potong,tinggi,daya,urun"
"akademisi,relevan,era"
"renyah,gurih,kuliner,rajungan"
"bantu,banjir"
"solusi,banjir"
"syarat,usia,minimal,desa,kini"
"kelompok,bawa,atribut,serang,ketua,rugi"
"laku,bala,liar,waduk,tangkap"
"bala,liar,waduk,duga,disposisi,pemali"
"layan,tumpang"
"konten,buru,pria,cekok,kucing,tuak"
"imlek,rajin,lampion,jumbo,banjir"
"keluarga,tewas,mutilasi,bakar"
"klaim,solusi,tahan,banjir"
"video,erang,kelompok"
"minta,tanggul"
"korban,banjir,butuh,bantu"
"sergap,laku,curi"
"cari,bibit,takraw,tingkat"
"kebut,baik,dampak,banjir"
"aplikasi,bantu,tanggap,bencana"
"januari,longsor"
"syarat,desa"
"heboh,narasi,video,had"
"pesona,klenteng,penuh,ukir,asli,cina"
"komoditas,bahan,pokok,naik"
"kasus,naik,kali,lipat"
"banjir,bandang,lalai,izin,bangun"
"waspada,januari,februari,puncak,sakit"
"tolak,markas"
"culik,tangkap,dalih,ajak,korban,aji"
"tidak,hadir,resmi,kantor,indra"
"dagang,pernak,pernik,pecinan,raup,berkah,imlek"
"dinar,indah,bersih,bersih,lumpur"
"barongsai,warna,cerah,motif,api,nyala,favorit"
"bantu,bersih,bagi,korban,banjir"
"tumpang"
"komoditas,tani,naik,dampak,buruk"
"rela,sisih,uang,jajan,bantu,korban,banjir"
"hadir"
"pakar,hidrologi,sumur,resap,murah,efektif,cegah,banjir"
"banjir,hambat,distribusi,barang"
"sungai,luap,rusak,lumpur"
"banjir,kirim,surut,sisa,lumpur,sampah"
"bakar,landa,gudang,distributor,tiner,ledak"
"gudang,distributor,bakar,ledak"
"urun,solusi,urut,pakar"
"banjir,mulai,surut,mulai,sih,sisa,lumpur"
"timpa,material,longsor,jenazah,temu,cari"
"urun,picu,banjir,pakar"
"evakuasi,dramatis,banjir"
"banjir,bandang,tinggal,dunia"
"ungsi,korban,banjir,akan,pindah,gedung"
"banjir,rendam,dinar,indah"
"bantu,evakuasi,korban,banjir,dinar,indah"
"evakuasi,korban,banjir,laku"
"banjir,rendam,kawasan,dinar,indah,tinggal"
"banjir,surut,aktivitas"
"bayi,kondisi,tali,pusar,potong,temu"
"banjir,surut,sudah,kendara"
"obat,gratis,korban,banjir,sawah,besar"
"terjang,banjir,bandang,longsor,titik,mukim,kendal,rusak"
"tujuh,kendara,celaka,ungar"
"distribusi,korban,banjir"
"longsor,timpa,tutup,akses,desa"
"banjir,belum,surut,kerja,tumpang,embus,banjir"
"luncur,gayeng,informasi,bencana,kini"
"dampak,banjir,keluh,gatal,gatal,diare"
"banjir,angsur,surut"
"kendara,libat,celaka,ungar,tumpang,selamat"
"bagi,bungkus,siap,saji,dampak,banjir"
"rendam,banjir,tewas,listrik"
"bantu,korban,banjir,dapur,bantu"
"pantau,banjir"
"banjir,rel,api,tinggi"
"banjir,pasrah"
"banjir,tewas,listrik"
"karyawan,tewas,listrik,banjir"
"pol,rabas,banjir,lokasi,banjir"
"resmi,pusat,data"
"rendam,banjir,tewas,listrik,banjir"
"bantu,korban,banjir,kirim,sehat,dapur,lapang"
"rendam,banjir,alih,arus,jalur"
"bantu,evakuasi,dampak,banjir"
"jalur,rendam,banjir,alih,arus,kendara,jalur"
"banjir,rendam,jalur,mogok,nekat,terobos,banjir"
"banjir,mulai,surut,jalur,sudah"
"penuh,lumpur,pertama,masuk,libur"
"bantu,korban,banjir,isolasi"
"situasi,banjir,kawasan,belum,surut"
"jalur,rendam,banjir,pasrah,tunggu,bantu"
"banjir,jalur,pasrah,tunggu,bantu"
"pantau,kondisi,stasiun,tawang,rendam,banjir"
"banjir,landa,titik,kudus,hilang,tenggelam"
"dampak,banjir,api,lambat"
"banjir,lumpuh,jalur"
"layan,stasiun,tawang,mulai,normal,cepat,batas"
"akses,rendam,banjir,libur"
"ekstrem,bantu"
"imbas,banjir,jadwal,api,lambat"
"peluk,ungar,kritik,hukum,karya,lukis"
"banjir,landa,keluh,aktivitas,ganggu,bantu,tidak"
"imbas,banjir,api,lambat,stasiun"
"imbas,banjir,siap,ganti,biaya,tiket,persen,bagi,tumpang,batal"
"banjir,stasiun,tawang,minta,maaf"
"waspada,potensi,hujan,intensitas,lebat,besok"
"top,arus,libur,stasiun,tawang,banjir,padat,unjung"
"banjir,rendam,stasiun,tawang,pantau,surut"
"titik,wilayah,terjang,banjir"
"kawasan,rendam,banjir,bagi,pilih,ungsi"
"alih,jalur,selatan,banjir,stasiun,tawang,daftar"
"tinggal,evakuasi,banjir"
"pantau,situasi,stasiun,tawang,tinggi,banjir,surut"
"genang,tinggal,duga,listrik"
"banjir,stasiun,tawang,siaga,pompa,portabel,debit"
"stasiun,tawang,rendam,banjir,tunda"
"titik,banjir,bagi,mulai,surut,masuk,pertama"