"ikhtiar,hadap,kemarau,gelar,minta,hujan",Positive
"panas,bikin,manfaat,cahaya,matahari,asak,nyata,matang",Negative
tewas,Negative
"nilai,menang",Positive
"mahal,hilang,edar",Negative
"siasat,hadap,mahal",Negative
"temu,tewas",Negative
"serah,uang,ketua",Negative
"periksa,kait,peras,pimpin,peran",Negative
usul,Positive
"pilih,sepakat,indra,damping",Positive
"periksa,metro,saksi,duga,peras,pimpin,peras",Negative
fakta,Positive
"pernah,temu",Positive
"saksi,duga,peras,pimpin",Negative
"periksa,metro,kait,kasus,duga,pimpin,peras",Negative
"tewas,lompat,buka",Negative
"relawan,juang,menang,dukung",Positive
"aman,intensif,koordinasi",Positive
"gera,pangan,murah,bagi,gratis",Positive
mahal,Negative
"dagang,pakai,tuju,tutup",Negative
"teman,temu,pimpin,bantah,serah,uang",Negative
"bakar,belum,padam",Negative
"pernah,ketua,bantah,tan",Negative
"pernah,temu,ketua,tan,bantah,serah,uang",Negative
"buka,kait,kasus,duga,peras,pimpin,hadap",Negative
"gaet,pan,gelar,pesta",Positive
"sepi,klub,patungan",Negative
"kasus,panggil,metro,jaya",Negative
"periksa,metro,kasus,peras,pimpin",Negative
"periksa,saksi,kasus,peras",Negative
"layan,gratis,kendali,tumbuh,duduk",Positive
"periksa,kait,kasus,ketua",Negative
"kemarau,rawan,bakar,jual,apar,naik",Negative
"lopor,damping",Positive
"kendali,laju,tumbuh,duduk,gratis",Positive
"tulis,komitmen,anti,korupsi,pecah,rekor",Positive
"berkah,panas,jual,dingin,laris",Positive
"darurat,kering,januari",Negative
"tuju,gelar,festival,kreasi,bahan,pokok",Positive
"suhu,panas,siang,waspada,papar,sinar",Negative
"panas,terik,prediksi,indeks,ekstrem,bagi,besar,wilayah",Negative
"keluh,suhu,panas,musim,hujan,turun",Negative
"rekap,hasil,menang,dewa,tekuk",Positive
"hasil,sore,kalah,persis,solo,tahan,imbang",Negative
"bakar,kali,landa,zona,aktif",Negative
"ternak,tolak,relokasi",Negative
"bakar,berat,terjun",Negative
"zona,aktif,bakar",Negative
"seru,versus",Negative
"unjung,lampau,target",Positive
"sosialisasi,damping",Positive
"jelang,versus,saling,sikut,poin",Negative
"luang,ternak,itik",Positive
"libat,celaka,mud,adu,mulut",Negative
"kemarau,rajin,rogok,kocek",Negative
"berkah,kemarau,bagi,jual",Positive
sukses,Positive
"laku,tangkap,operasi,sikat",Negative
"awat,restorasi,koleksi,rusak",Negative
"suhu,panas",Negative
"naik,tembus",Negative
"mahal,telur,mulai,turun",Negative
"prakira,cerah,awan,hujan,ringan",Positive
"dampak,panas,serang,diare",Negative
"keluarga,brigadir,akan,kirim,ham",Positive
narkoba,Negative
"perang,rundung,ajak,kreatif,karya",Positive
"suhu,panas,sakit,diare,tingkat",Negative
"panas,pakai,payung,putih",Negative
"bagi,andang,obesitas,harus,tingkat",Positive
"pesona,produk,lestari,budaya",Positive
"tari,sufi,riah,maulid,nabi",Positive
"pamer,produk,unggul,seni,budaya,tradisional",Positive
"belanja,dana,miliar",Positive
"pecah,rekor,tanam,toga,tanam",Positive
"kalah,skor",Negative
"kendara,tumpuk,celaka",Negative
"kendara,libat,celaka,ungar,periksa,bus",Negative
versus,Negative
"ramal,september,cerah,suhu,udara",Positive
"kasus,netralitas,kena,sanksi,moral,pecat",Negative
"menang,akan",Positive
"kolonel,resmi,jabat",Positive
"mahal,naik",Negative
"stabil,perintah,gelar,murah",Positive
"kemarau,gelar,salat,mohon,hujan",Positive
"turun,siap,anggar,miliar",Negative
"operasi,sikat,aman,laku",Negative
"temu,salur,buang,jenazah,ambang,labuh",Negative
"bacok,guru,bantu,keluarga,jual",Negative
"sosok,mayat,pria,misterius,labuh,tanjung,emas,temu",Negative
"sosok,mayat,pria,tanpa,identitas,apung,labuh,tanjung,emas",Negative
"siap,aman,gelar,simulasi",Positive
"bantu,perintah,belum,normal",Positive
borong,Positive
"pamer,sehat,suguh,aneka,layan,fasilitas,sehat",Positive
"nal,senam,tera,olah,raga,usia",Positive
"tinjau,tinggi",Negative
"edukasi,sehat,gigi,bagi,sikat,pasta,gigi,gratis",Positive
"temu,tinggi",Negative
"simulasi,tanggap,darurat,unjuk",Positive
"celaka,maut,sangka",Negative
"bacok,guru,semester",Negative
"partai,buruh,belum,dukung",Negative
"maulid,nabi,dongeng,islami",Positive
"beda,lari",Negative
"target,menang,saksi",Positive
respon,Positive
"dekat,logistik,mulai,siap",Positive
"genjot,terima,sosialisasi,layan",Positive
"faktor,wilayah,geografis,guru,rela,jemput",Positive
"kompas,gelar,lari,desember,catat,tanggal",Positive
"hasil,versus,imbang,super,henti,rekor,menang",Negative
"celaka,gelar,olah,korban,awat,intensif",Negative
"kronologi,celaka,duga,rem,blong,labuh,lampung",Negative
"saksi,korban,selamat,celaka,tabrak,kendara",Negative
"celaka,maut,tabrak,motor",Negative
"korban,celaka,tewas,luka,berat,luka,ringan",Negative
"kronologi,lengkap,celaka,rem,duga,blong,mud,aman",Negative
"tabrak,motor",Negative
"kondisi,kini,celaka,maut",Negative
"saksi,celaka,keras",Negative
"saksi,celaka,tabrak,belas,kendara,duga,rem,blong",Negative
"celaka,tewas",Negative
"celaka,maut,tabrak,motor",Negative
"bakar,ledak",Negative
"bakar,tutup,akses,masuk,sampah",Negative
"bakar,usaha,api",Negative
"rekap,hasil,september,kalah,salip",Negative
"bakar,terjun",Negative
"versus,bangkit,menang",Positive
"tangki,siaga,asap",Negative
"tambang,ilegal,marak,harus,legalitas",Negative
"tabrak,pejal,kaki,motor",Negative
"minta,jaga,netralitas",Positive
"tanpa,piala,bayar",Negative
"jelang,piala,gelar,seleksi",Positive
"kondisi,kini,bakar",Negative
"jaga,tangkal,radikalisme",Positive
"bakar,api,nyala,sisi,utara",Negative
"bakar,legit,banget",Positive
"limut,asap,bau,sengat",Negative
"bakar,padam",Negative
"mahal,dampak,terima,bantu,pangan",Negative
"gelontor,dagang,ecer,stok",Positive
"libur,efek,asap,bakar",Negative
"hewan,ular,rabies,suntik,vaksin",Positive
"spesialis,urologi,gelar,bakti,sosial",Positive
"aksi,tanam,bersih,bersih",Positive
"bakar,padam,aktivitas,normal,mulai,terima,sampah",Negative
"bakar,padam,upaya,dingin",Negative
"bakar,lari",Negative
"kiai,gadungan,duga,perkosa,pop",Negative
"galang,dana,peduli,korban,gempa",Positive
"pertama,kali,gelar,pamer",Positive
"bagi,ilmu,arsitektur,pamer,karya",Positive
"berkah,kemarau,dagang,layang,layang,raup,untung",Positive
"salur,tangki,dampak,kering",Negative
lurah,Negative
"guru,hapus,rias,wajah",Negative
"naik,alih,medium",Negative
"tirta,ajak,bijak,bersih",Positive
"murid,harap,baik",Positive
"curi,kotak,amal,masjid,joli,amuk",Negative
"nyata,enak,banget,resep,puluh",Positive
"persis,solo,versus,mulai,bukti",Negative
"bu,kuliner,legendaris",Positive
"guru,rela,jemput,tidak,putus",Positive
"salur,bantu",Positive
"generasi,harus,waspada,ancam,pecah,bangsa",Negative
"festival,layak,taraf",Positive
"mahal,alih,medium",Negative
"mahal,bantu",Negative
"aniaya,unjung",Negative
"depresi,pria,nekat",Negative
"kena,razia,siswi,pasrah,hapus,rias,wajah,guru",Negative
"saksi,periksa,duga,ketua,indra,aniaya",Negative
"rugi,puluh,miliar,rokok,ilegal,musnah",Negative
balas,Negative
"awas,persen,wilayah,kering,ekstrem",Negative
"dagang,layang,layang,raup,untung,musim,kemarau,jual,lembar",Positive
"program,peduli,budaya,distribusi,murid",Positive
"cipta,becak,listrik,ramah,lingkung,ku,tanpa,mud",Positive
"apresiasi,peduli,peduli,bincang",Positive
"nekat,kurir,narkoba",Negative
naik,Negative
"kemarau,akhir",Negative
"omzet,kena,pajak",Positive
"tampil,karya,desain,digital",Positive
"pianis,unjuk,gigi,piano,klasik",Positive
"emas,dukung",Positive
"riah,sakit,pakai,kostum,karnaval",Positive
"korban,perkosa,pulih",Negative
"joli,curi,kotak,amal,bangun,masjid,rekam",Negative
"ketua,batas,minimal,usia,tunggu,putus",Negative
"raih,layak",Positive
"tampil,hut",Positive
"kontes,lidi,adu,indah,adu,kuat",Positive
"energi,tekan,polusi,udara",Positive
"daftar,daftar,stasiun,wajah",Positive
"cetak,jiwa,kampus,harus",Positive
"nikmat,karya,seni,sensasi,pikir",Positive
"pondok,gadungan,perkosa",Negative
"sawah,gersang,tani,alih,tanam,semangka,jagung",Positive
"kirim,latih,asi",Positive
"duga,aniaya,ancam,ketua,indra,copot",Negative
"duga,aniaya,ketua,partai,indra,copot,jabat",Negative
"copot,ketua,indra,buntut,duga",Negative
"ancam,ketua,indra,copot",Negative
"duga,indra",Negative
"spesial,hut,baca,berita,kakek,seniman,patung,gulai",Positive
"kering,siap,tangki,kapasitas,liter",Negative
"tekan,angka,satelit,buka",Positive
"curi,kamera,awas",Negative
"duga,leceh,tidak,izin",Negative
"peduli,budaya,bagi,bagi",Positive
"naik,belum,pengaruh,jual,non,subsidi",Negative
"fakultas,temu,tinggal,kontra",Negative
"selidik,kasus,baco",Negative
"selidik,kasus,baco",Negative
"peduli,budaya,donasi,ajar",Positive
"hasil,sidang,tanggal,agustus,september,kena,denda",Negative
pamit,Negative
"aksi,curi,rekam,tinggal",Negative
"racik,edar,kosmetik,ilegal,tangkap",Negative
"momen,haru,istri,pamit",Negative
leleh,Negative
"gadis,belia,tegal,sakit,kulit,langka,butuh,bantu",Negative
"humas,bekal,ilmu,humas",Positive
"humas,reputasi,percaya",Positive
"lelah,jijik,bersih,bersih",Positive
apresiasi,Positive
"dukung,debat,buka",Positive
"jaga,jelang,politik,gelar",Positive
"gaung,damai",Positive
"nikmat,karya,seni,progresif,sudut",Positive
"rajin,unggul",Positive
"kemarau,ganggu",Negative
"anggur,didik,ikan,program,merdeka",Positive
"hadir,acara,damai",Positive
"hadir,jaga,damai,hindar",Positive
"ajak,sih,sampah",Positive
"hasil,versus,naik,besar",Positive
"lepas,republik,harap",Negative
versus,Negative
"rajin,batik,batik",Positive
"terima,beasiswa,gratis",Positive
"beda,bijak,tidak,wajib",Negative
"cemburu,tega,aniaya,tusuk",Negative
"cemburu,suami,nekat,aniaya,istri,tewas",Negative
"palu,bantu",Positive
"resmi,kapal,api",Positive
"belum,terima,ganti",Negative
"pamer,puji",Positive
"puji,inisiasi,alas",Positive
"gratis,rintis",Positive
"keren,rawat,budaya,pamer,keris",Positive
"kampus,debat,kampanye,kampus,larang",Negative
"naik,gelontor",Negative
naik,Negative
"kapal,api,resmi",Positive
"cari,bibit,basket,laga",Positive
hadir,Positive
"tengkar,suami,duga,aniaya,istri,tewas",Negative
"bunga,cantik,riah,merdeka,festival",Positive
"seru,libat,perempuan",Positive
"jelang,versus,panggil",Negative
"bek,wahyu,panggil,kuat",Positive
"cekcok,suami,tega,aniaya,istri,tewas",Negative
"bagi,laku,dongkrak,usaha",Positive
"parade,hias,tabur,bunga,merdeka,festival",Positive
layak,Positive
"dukung,bawa,arus,pecah",Positive
"pidato,hadap,seruduk,hambat,maju",Negative
"konsolidasi,menang,pecah,belah",Negative
"konsolidasi,menang,seruduk,hambat,maju",Negative
"budiman,sudah,selesai,urus",Positive
"hasil,sore,tuan,tahan,imbang,puncak",Positive
"budaya,ramai",Positive
"rukun,politik",Positive
"bersih,camat",Positive
"strategi,jaga,kandang,banteng",Positive
"dorong,optimal",Positive
"tampil,aneka,budaya,produk",Positive
"raih,menang,persik,manfaat,absen",Positive
"pamer,produk",Positive
"ajar,riah,merdeka",Positive
"edukasi,sehat,paguyuban,gelar",Positive
"bekal,fakultas,hukum",Positive
"kumpul,koin,miskin",Negative
"krisis,bersih,salur,bantu,bersih,dampak",Negative
"temu,tewas",Negative
"seru,estafet,tangkap,mata,tutup",Positive
"aman,tani,basmi,hama,tikus",Positive
"meja,momen,teman",Positive
"optimis,investasi,naik",Positive
"dagang,dorong,saing",Positive
"rakit,jual,senjata,api,ilegal",Negative
"duduk,meja,jamu,makam",Positive
"rusuh,laga,versus",Negative
"hut,gelar,tari,caci",Positive
"kandang,banteng,tanpa,bala",Negative
"bantu,miskin",Negative
"delegasi,hadir",Positive
"inovasi,bangun,didik,ramah,lingkung",Positive
"target,belum",Negative
"lempar,relawan",Positive
target,Positive
"hasil,bandung,kalah",Negative
"versus,bandung",Negative
"tani,gotong,tangkap,tikus,sawah",Positive
"cegah,tindak,jahat,luncur,aplikasi",Positive
"nyata,tukang,servis,modifikasi,senjata,api,duga,teroris,de",Negative
"jelang,lawan,bandung,gelar,latih,evaluasi",Positive
"budiman,relawan,kandang,banteng",Positive
"baju,adat",Positive
"mohon,maaf,makam,pahlawan",Negative
"ajak,tekan,angka,luncur,program",Positive
"pimpin,upacara,hut,pamit",Positive
"serah,remisi,titip,narapidana",Positive
"hut,luncur",Positive
"puluh,lansia,upacara,hut",Positive
"pimpin,upacara,hut,pamit",Negative
"pimpin,upacara,hut,pamit",Negative
"khas,tumbuh,rukun,kompak",Positive
"pukau,nyanyi,simfoni,istana",Positive
"hut,merdeka,karaoke,tutup",Positive
"nekat,curi,kotak,amal,masjid,pria,hajar,massa",Negative
"dorong,maju,latih",Positive
"sambut,ekonomi",Positive
"junjung,tinggi,netralitas,siap,hadap",Positive
"vakum,sukses,gelar,voli",Positive
"merah,putih,kawasan,sejarah",Positive
"perwira,raih,gelar",Positive
"tumbuh,rukun,kompak",Positive
"waris,keris",Positive
"bangga,tampil,istana,lepas",Positive
"hasil,sore,menang,telak,dewa",Positive
"voli,lurah,ajang,bibit",Positive
"dewa,versus",Negative
"borong,medali,emas",Positive
"nikmat,lobster,rawa,bakar,rawa,pening",Positive
"dorong,mode,pagelaran,busana",Positive
"si,cantik,anggrek,buru,minat,tanam,hias",Positive
"cipta,inovasi,angkut",Positive
"tanding,ekshibisi,juara,olahraga,provinsi",Positive
"hulu,ruang,hotel,hutan,penuh,karya,seni",Positive
"inovasi,cipta,angkut",Positive
tertib,Positive
serah,Negative
"kunjung,silaturahmi",Positive
"layan,paspor,merdeka,serbu",Positive
"sambut,hut,adu,kreativitas,mural",Positive
kalah,Negative
"kantong,identitas,laku,baco,tewas",Negative
"nol,integrasi,sigap,pelita",Positive
"apresiasi,kerja,turun",Positive
"kalah,tindak",Negative
"hadir,serah,hebat",Positive
"prakira,bandung,urut",Positive
"rem,blong,lingkar,kendal",Negative
kering,Negative
"lestari,seni,wayang,film",Positive
"olak,lupa",Negative
"hasil,versus,maulana,laskar,petik,angka",Negative
"umat,sempurna,dewi,welas,asih",Positive
"rebut,medali",Negative
versus,Negative
"integrasi,sigap,pelita,tekan,angka",Positive
"harap,ganti,baik",Positive
"guru,honorer,adu",Negative
"rusa,bakar,pancasila",Negative
"nikmat,soto,sawah,organik,murah,sehat",Positive
"hebat,ubah,hobi,taekwondo,medali",Positive
"daya,tangga,latih,tata,rias",Positive
"larang,golput",Negative
"akan,laku,erata,saraf,fasilitas",Positive
"selebaran,imbau,hati,hati",Positive
"kreatif,inovatif,terima,punakawan",Positive
"sosialisasi,pedoman,tata,naskah,adil,tinggi",Positive
"gol,tunggal,tunduk,bawa,kudeta",Negative
"tren,positif,cepat,puas",Positive
"fasilitas,bus,wisata,murah,lumpia",Positive
versus,Negative
"telur,angsur,turun",Negative
"rotasi,jabat,kompetensi",Positive
"cegah,edar,narkoba,sasar,karaoke",Negative
"tindak,baliho,spanduk",Positive
"kemarau,kasus,bakar,tingkat",Negative
"prakira,bandung,agustus",Negative
"dagang,bendera,musim,mulai,jamur",Positive
"lawan,sewu",Negative
"sehat,murah,riah,nikmat,soto,bahan,organik,mulai",Positive
mutasi,Negative
"rotasi,jabat,kompetensi",Positive
"dagang,bendera,riah,hut",Positive
"perempuan,temu,tewas",Negative
"narkoba,aman",Negative
"kendara,rampas,serah,tugas,cari",Negative
"buka,daftar",Positive
"jurnal,hukum,raih,indeks",Positive
"stok,pasok,pangkal,aman,lancar",Positive
"klaim,stok,aman",Positive
"usaha,imbau",Positive
"prakira,bandung,agustus",Positive
"perempuan,temu,tewas",Negative
"bawang,putih,tinggi,konsumen,pilih,ecer",Negative
"kuat,tahan,pangan,siap,hektar,lahan",Positive
"cegah,banjir,ajak,sih,banjir,kanal,barat",Positive
"gagal,edar",Negative
"retas,laku,tangkap",Negative
"gelar,simulasi,antisipasi,aksi,anarkis",Positive
"bersih,bersih,banjir,kanal,barat",Positive
"gelar,diskusi,mediasi,elektronik,akademisi,universitas,agustus",Positive
"perempuan,temu,tewas,temu,luka,lebam,darah",Negative
"olah,sampah,plastik,daur",Positive
"asyura,momentum,yatim",Positive
"tani,ajak,tani,irit,pupuk,kimia",Positive
"daur,sampah,plastik,mudah,kumpul,sampah",Positive
"raup,rupiah,hias",Positive
"bau,busuk",Negative
"hadap,tan,kuat,pangan",Positive
"seru,ajar,luk,batu,sungai",Positive
"kasus,keras,seksual,laku",Negative
"motor,tewas,tabrak,jatuh",Negative
"kronologi,bunuh,taksi,korban,istri,hamil",Negative
"hasil,sidang,juli,denda",Negative
"uji,cegah,massal",Positive
"ajak,ajar,cinta,produk",Positive
"doa,bunuh",Negative
"korban,duga,nama,sertifikat,rentenir",Negative
"kaget,sertifikat,jamin,sudah,nama",Negative
"bakar,tewas,duga,bakar,barang",Negative
"versus,target,menang,tanpa,pilar",Negative
"resah,sertifikat,dadak,agun",Negative
"tangki,celaka,maut,sangka",Negative
"marak,celaka,imbau,taat,atur,kendara",Negative
"kecewa,nama,coret,nasional",Negative
"rekonstruksi,kasus,tewas,taksi",Negative
"pengaruh,stabil",Negative
"angsur,turun,potong,mahal",Negative
"saling,sindir,status,tewas,tusuk",Negative
"gelar,rekonstruksi,bunuh,taksi,korban,hadir",Negative
"sertifikat,jamin,duga,agun,rentenir",Negative
"sukses,raih,hias",Positive
"tangki,sangka,celaka,ancam,penjara",Negative
"laku,bunuh,taksi,tangkap",Negative
"celaka,maut,sangka",Negative
"bisnis,hias,sukses,raup,untung",Positive
"guru,tinggi,harus,adaptasi,era,disrupsi",Positive
"minta,siap",Positive
"lantik,jaga,integritas",Positive
"kronologi,tangkap,laku,bunuh,taksi",Negative
"ternak,pakan,naik,imbang,jual,naik",Negative
"kejat,selamat,miliar,uang",Positive
"api,tidak,resmi,rambu",Negative
"pasang,rambu,larang",Negative
"kisah,sukses,pria,raup,rupiah,budi,daya",Positive
lantik,Positive
"beber,kronologi,bunuh,taksi",Negative
"laku,bunuh,taksi,adik,ayah,penjara",Negative
"laku,bunuh,taksi,tangkap",Negative
"jalur,mandiri,reguler,tahap,buka,besok,simak,daftar",Positive
"ajar,desa,luk,batu,sungai",Positive
"jual,perabot,keliling,temu,tinggal",Negative
"curi,koper,stasiun,laku,jual,koper",Negative
"raih,layak,utama",Positive
"forum,nasional,momentum,bangkit",Positive
"rekam,tewas,taksi",Negative
"geger,temu,taksi,tewas,duga,korban,ampo",Negative
"aksi,heroik,asisten,celaka,maut,pop",Negative
"upaya,risiko,celaka,baik,api,bidang",Negative
"pimpin,langsung,lantik",Positive
"nasional,amin,cegah,tindak,kriminal,keras",Positive
"bunuh,taksi,korban,kabur,sungkur",Negative
"komentar,sorot,pidato,debat,haris",Negative
"celaka,versus,trailer,selidik",Negative
"tewas,luka,luka",Negative
"puncak,nasional,dengar,hak",Positive
"hidup,kenang,koleksi,antik",Positive
"periksa,periksa,lokasi",Negative
"celaka,aju,tuntut",Negative
"adil,bantu,kasus,umpuk",Negative
"dengar,hak",Positive
"tabrak,mogok,rel,medan,magnet",Negative
"raih,layak,utama",Positive
"jadwal,ekspres,rute,juli",Positive
"bentuk,investigasi,kasus,tabrak,api",Negative
"tabrak,api,periksa",Negative
"tuan,forum,nasional",Positive
"selamat,tumpang,tabrak,maut,saksi",Negative
"cari,tabrak,terjun",Negative
"hut,koperasi,dorong,kembang,koperasi",Positive
"jaga,tabrak",Negative
"asisten,selamat,ajaib,tuhan",Positive
"hasil,investigasi,api,tabrak,nyata,human,panik",Negative
"hasil,tanding,versus,imbang,menang",Negative
"saksi,selamat,tumpang,tabrak,maut",Negative
"dagang,dampak,mahal",Negative
"pacu,karya,pamer,inovasi,biologi",Positive
"ledak,tabrak,api,cepat",Negative
"periksa,tugas,palang,pintu",Negative
"aksi,heroik,selamat,tumpang",Positive
"kuat,jembatan,celaka,cepat,api,batas",Positive
versus,Negative
"versus,target,tuan,menang,tanpa,bobol",Negative
"api,periksa,sidik",Negative
"periksa,akan,periksa,kondisi,lokasi",Negative
"tabrak,bantah,kabur,salah,cepat",Negative
"akan,tuntut,bukti,salah,celaka",Negative
"tabrak,api,transportasi,jalur",Negative
"selamat,tumpang,celaka,budi,tuai",Positive
"akan,tuntut,usaha,ekspedisi,libat,celaka",Negative
"seleksi,mandiri,tahap,sore,hasil",Positive
"tuntut,imbas",Negative
"bukti,salah,celaka,akan,tuntut",Negative
"buka,rancang,kendara,besar,bodi,rendah",Positive
"apresiasi,aksi,heroik,selamat,tumpang,belum,celaka",Positive
"saksi,kronologi,tabrak,jaga,palang,pintu",Negative
"sosok,budi,selamat,tumpang,celaka,sorot",Positive
"celaka,trailer,periksa",Negative
"usut,api,abrak,trailer",Negative
"ekspresi,kreativitas,pamer,seni",Positive
"tradisi,unik,cuci,kuda,lumping,sambut",Positive
"tabrak,periksa,jaga,layak",Negative
"celaka,gunung,es,api",Negative
"aksi,heroik,selamat,tumpang,tabrak,tuai,puji",Positive
"celaka,tabrak,gunung,es,api",Negative
"upaya,selamat,tumpang,aksi,heroik,puji",Positive
"aksi,heroik,selamat,tumpang,tabrak,tuai,puji",Positive
"tabrak,serah",Negative
"kronologi,celaka,api,tabrak,rekam",Negative
"minta,tolong,belum,tabrak",Negative
"rawan,mogok,jenis,libat,celaka,api,larang,rel",Negative
"prakira,bagi,cerah,awan,efek,bikin,khawatir",Positive
"jalur,rel,api,sudah,insiden,tabrak",Negative
"laku,tebang,hijau,waduk,tangkap",Negative
"tabrak,api,serah",Negative
"jalur,hulu,uju,sudah,cepat,batas",Positive
"bantah,kondisi,kini,tabrak",Negative
"tabrak,lambat",Negative
"cepat,batas,jembatan,celaka,tabrak",Negative
"kabur,takut,tabrak,periksa",Negative
"dampak,api,tabrak,api,lambat",Negative
"kaca,celaka,api,kendara,mogok,rel,sinau",Negative
"rekam,kronologi,celaka,api,tabrak",Negative
"jalur,sudah,buka,celaka,api,cepat,batas",Negative
"dampak,tabrak",Negative
"mud,trailer,tabrak,api,serah",Negative
"miris,bayi,usia,jual,bayar",Negative
"api,lambat,celaka",Negative
"duga,sangkut,belum,tabrak",Negative
"aktif,cegah,terima",Negative
"jalur,sudah",Positive
"pangan,naik,dagang,jerit",Negative
"kabur,takut,tabrak",Negative
"rekam,minta,tolong,belum,tabrak",Negative
"celaka,jalur,sudah,cepat,batas",Negative
"ledak,tabrak",Negative
"kronologi,celaka,tabrak,minta,tolong,tugas",Negative
"andal,harus,absen,cedera",Negative
"lokomotif,selamat,tabrak",Negative
"imbas,tabrak,trailer,telat,kompensasi,tumpang",Negative
"tumpang,lompat,tabrak",Negative
"atur,bidang,sanksi,pidana,bagi,langgar",Positive
"api,tabrak,trailer,jalur,buka,harus,lambat",Negative
"tumpang,api,tabrak,bentur,keras,asa",Negative
"kondisi,kini,tabrak,lokasi",Negative
"pantau,evakuasi,tabrak,harap,jembatan,rel,fungsi,normal",Positive
"mogok,rel,belum,tabrak",Negative
"duga,mati,belum,tabrak,minta,tolong",Negative
"tabrak,kepala,badan,ringsek,hasil,pindah",Negative
"deret,fakta,celaka",Negative
"momen,selamat,tabrak",Positive
"ganggu,celaka,tabrak",Negative
"minta,tolong,belum,tabrak",Negative
"tabrak,selamat",Negative
"kondisi,kini,api,tabrak",Negative
"ledak,tabrak,kobar,api,hasil,padam",Negative
"celaka,mogok,korban,luka,lompat,gerbong",Negative
"api,ledak,tabrak,hasil,padam",Negative
"tabrak,ledak,kobar,api",Negative
"ngeri,tabrak,trailer,api,bumbung,tinggi",Negative
laga,Positive
"perintah,minta,tuntas,kasus,langgar,ham",Negative
"jelang,cegah,ancam",Negative
"swasta,keluh,ambah",Negative
"raih,cegah",Positive
"serap,aspirasi",Positive
"serap,aspirasi,perempuan,jelajah,sapa",Positive
"maut,izin",Negative
"giur,hasil",Positive
"terima,berkas,baik",Positive
"kontraktor,baja,sukses,mukim",Positive
"tinggal,langgar,izin,panitia",Negative
"versus,mulai,aroma,balas,tuan",Negative
"jelang,laga,latih,khusus,antisipasi,serang",Negative
"lirik,koleksi,antik,barkas,tabung,buat",Positive
"minta,maaf,keluarga,korban,tinggal",Negative
"selidik,acara,izin",Negative
"kering,salur,bersih",Positive
rahayu,Positive
"terima,adu",Positive
"usul,ambah,sudah,surati",Positive
"bahas,sinergi,hadap",Positive
"tembus,eksportir,wajib,serah,dokumen",Positive
"ajak,cinta,lingkung,pol,pimpin,bersih,bersih",Positive
"taman,akan,cantik",Positive
"serang,ancam,cedera,pinggang",Negative
"tinggal,tonton",Negative
"wanita,nekat,curi,boks,susu,formula,minimarket",Negative
"waspada,potensi,banjir,pesisir",Negative
"tonton,tinggal",Negative
"wanita,nekat,curi,boks,susu,formula,minimarket",Negative
"kronologi,tinggal",Negative
"sensasi,hasil,petik",Positive
"harus,sportif,juara",Positive
"bantu,korban,bakar,gotong",Negative
"fakta,fakta,bocah,bakar,teman,kronologi,korban,trauma",Negative
"tinggal,duga",Negative
"terima,adu,langgar",Negative
"tinggal,dunia,kronologi",Negative
"musim,haji,konsumsi,naik",Positive
"jual,dampak,kasus,antraks",Negative
"korban,coba,curi,keras",Negative
"rahayu,tekan,bangun",Positive
"operasi,patuh",Positive
"balai,karantina,tani,cegah,virus,antraks",Positive
"pria,tewas,keroyok,buru,laku",Negative
rampok,Negative
"waspada,bagi,besar,laku,kasus",Negative
"cocok,data,konsumen,tahap",Positive
"cegah,antraks,siap,vaksin",Positive
"jual,naik,kali,lipat",Positive
"korban,coba,ampo,laku",Negative
"kronologi,coba,aksi,ampo",Negative
"kronologi,lengkap,korban,ampo",Negative
"lawan,laku,ampo",Negative
"korban,ampo,laku",Negative
"ampo,laku,ancam,penjara",Negative
"rekor,miniatur,lokomotif,uap",Positive
"ajar,jual,ajar,tingkat",Positive
"terima,kampus,gengsi",Positive
"tani,bantu,benih,padi",Positive
"korban,ampo",Negative
"korban,coba,ampo,duel,laku",Negative
"sita,versus",Negative
"terima,kampus,tarik,geografi,idola,kamil",Positive
"contoh,suplai,bersih",Positive
"suplai,bersih,kelola,baik,pilih,contoh",Positive
"pria,tewas,bacok,lokalisasi",Negative
"protes,bekas,gali,akan",Negative
"zonasi,daftar",Negative
"kerja,bangun,alir,listrik,tubuh,bakar",Negative
"latih,harus,baik",Positive
"didik,dukung,ambah",Positive
"ambles,tembus,langkah,aman",Positive
"jalur,tembus,ambles,laku",Negative
"durasi,daftar,murid",Positive
gelar,Positive
"rambah,mukim",Negative
"tutup,dasar,wilayah,lansia",Negative
"aksi,maling,rekam",Negative
"seru,keras,parade",Positive
"bangun,tembus,ambles",Negative
"ambles,tembus,baik",Negative
"aspek,pidana",Negative
"duga,rem,blong,guling,muat,tumpah",Negative
"hujan,lebat,guyur,bagi,besar,besar,juli",Positive
"sakit,hati,cinta,putus,sebar,video,syur,mantan,kasih",Negative
"telur,tembus",Negative
"cabai,sayur,naik,erong",Negative
"toleransi,uji,praktik,teori",Positive
"wanita,unjuk,kendara,motor,gede",Positive
"maling,bobol,rental,rekam",Negative
"cabai,wortel,naik",Negative
"pukau,cantik,atraksi,motor,gede",Positive
"kampanye,anti,narkoba",Negative
"riah,artis",Positive
"populasi,jarah",Negative
"proses,buat,kini,mudah",Positive
"kaum,fakir,miskin,antre,kurban,masjid,agung",Negative
"versus,bhayangkara,presisi",Negative
"kembang,produk,desain,kreativitas",Positive
"luk,media,terapi,andang",Positive
"libur,mulai,buru",Positive
"bantah,piagam,prestasi,palsu",Negative
"belum,ketemu",Negative
"libur,unjung,tingkat",Positive
"serah,hewan,kurban,masjid,besar",Positive
"bengkel,kepala,laris,manis",Positive
"graha,taman,potong",Negative
"optimis,raih,predikat,layak",Positive
"tiket,laga,kandang,tidak,naik,murah",Positive
"berkah,bagi,dagang,tusuk,satai,arang",Positive
"jasa,potong,hewan,kurban,urun",Negative
"sumbang,puluh,hewan,kurban,camat",Positive
"optimistis,raih,gelar,layak,utama",Positive
"bawang,merah,putih,tinggi",Negative
"mudik,volume,kendara,tingkat",Positive
"khatib,salat,iduladha,jaga,saudara,politik",Positive
"tuju,wisata,edukatif",Positive
"artis,tolong,lahir,pesawat,terbang",Positive
"warung,jalur,kendal,bakar",Negative
"hotel,menu,kecombrang,jagung,bakar",Positive
"mayat,pria,tanpa,identitas,temu,selokan,istana",Negative
"butuh,hewan,kurban,garut,tingkat",Positive
"naik,dekat",Negative
"tangkap,dar,narkoba",Negative
"minat,vaksin,rabies,tingkat",Positive
"antusiasme,tinggi,kostum,unik,sorot",Positive
"hewan,kurban,tugas,sehat,hewan",Positive
"genjot,investasi,gandeng,usaha",Positive
"cegah,sebar,sakit,periksa,hewan,kurban,ketat",Positive
"kostum,unik,ramai",Positive
"sejahtera,gandeng",Positive
"buka,daftar,jalur,mandiri,biaya",Positive
"masyarakat,pilih,hewan,kurban,sehat,layak,konsumsi",Positive
"haru,momen,pisah,bahasa",Negative
"bina,usia,prioritas",Positive
"kantin,kebaji,siang,gratis,selasa",Positive
"ulik,menu,gugah,selera",Positive
"gelar,karya,ajak",Positive
"verifikasi,data,kendala",Negative
"sambut,endemi,genjot,tumbuh,investasi",Positive
"temu,mayat,tanpa,identitas,selokan",Negative
"arik,kampus,harus,teladan",Positive
"tingkat,kualitas,didik,program,profesor",Positive
"bantu,aplikasi,logo",Positive
"diskon,taktik,swasta,gaet",Positive
"cermat,pilih,hewan,kurban,sehat,kualitas",Positive
"uji,tahan,jelang,lawan",Positive
"pamer,karya,seni,rupa",Positive
adu,Negative
"turun,ahli,gizi,libat,tingkat,puskesmas",Negative
dukung,Positive
"pamer,seni,rupa,universitas,tampil,agam,karya",Positive
"tong,bagi,gratis,klenteng",Positive
"ham,pantau,selidik,adu,keras",Negative
"pria,napas,lega,cincin,malu,lepas",Positive
"kurban,naik,hewan",Negative
"pamer,karya,inovasi",Positive
"festival,rebut,piala",Positive
"musik,gelar,karya,kembang,bakat",Positive
"kembang,kompetensi,calon,guru,gelar,karya",Positive
"teknis,proses",Negative
"dagang,restu,impor",Positive
"jelang,waspada,sakit,hewan",Negative
"ham,selidik,duga,kasus,keras",Negative
"ngilu,tugas,bantu,lepas,cincin,vital",Positive
"marak,gencar,vaksinasi",Positive
"lepas,riah,gelar,karya",Positive
"kambing,uang,koin",Positive
"hilal,zulhijah,belum",Negative
"tiket,kapal,naik,juli",Negative
"kreatif,olah,limbah,jual",Positive
"tabung,uang,receh,kambing",Positive
"gelar,karya,pamer,hasil,kreativitas",Positive
"tanam,bibit",Positive
"laku,rekrut,tenaga,kerja,ilegal,tangkap,sudah,operasi",Negative
"tangkap,susup,curi,ringan",Negative
"kapal,motor,cipta,harap,hilang",Negative
"upaya,dukung,bahasa,bahasa",Positive
"nikmat,halal,festival",Positive
"ajar,peduli,alam,tanam",Positive
"kompetisi,logika,matematika",Positive
"kambing,kurban,ember,penuh,koin,hasil,tabung",Positive
"tabung,pria,kambing,kurban,uang,koin",Positive
"korban,peras,rugi,rupiah",Negative
"muat,jerat,pasal,ayat",Negative
"vaksinasi,hewan,ternak,kampung,terna",Positive
"tangkap,laku,curi,kendara,motor,lonceng,gereja",Negative
"gelar,karya,ajang,gaet,calon",Positive
"riah,panen,hasil,karya",Positive
"zonasi,luas,calon",Positive
"siap,fasilitas",Positive
"bahan,pokok,turun,daya,masyarakat,turun",Negative
"buka,lowong,calon",Positive
"tangkap,susup,simpuh,kaki",Negative
"marak,gencar,vaksinasi",Positive
"jual,sepi",Negative
"residivis,kasus,bunuh,aniaya",Negative
"kering,lurah,jabung,perintah,salur,liter,bersih",Positive
"mayat,bayi,laki,laki,temu,ambang,sungai,banjir,kanal,olah",Negative
"kurban,bobot,jual",Positive
"mulai,sulit,drop",Negative
"celaka,maut,ancam,penjara",Negative
"antisipasi,galak",Positive
"doa,pondok",Positive
"relawan,sobat,tunjung,solid,menang",Positive
"turun,potong,mahal",Negative
"seleksi,akurat,cepat",Positive
"tari,tradisional,gelar,karya",Positive
"jenazah,bayi,lahir,temu,alir,sungai",Negative
"buka,daftar",Positive
"kucing,surga,bagi,cinta,kucing",Positive
"progres,bangun,tahap",Positive
"uji,coba,rekayasa",Negative
"calon,jemaah,haji,berangkat,kapal",Positive
"seru,teman,belas,kucing",Positive
"anugerah,konservasi",Positive
"cegah,abrasi,tanam,bersih,bersih",Positive
"perempuan,laku,tipu,tiket",Negative
"ricuh,paksa,tembak",Negative
"puji,tanggap",Positive
"terap,stasiun,tawang",Positive
"olahraga,bantah,usir,stadion",Negative
"ternak,siap,kambing",Positive
"sup,favorit,kuliner,khas",Positive
"butuh,hewan,kurban,prediksi,naik",Positive
"tahap,cepat,target",Positive
"siap,persen,hafal,alquran",Positive
"antisipasi,politik,gelar,latih,jinak,bom",Positive
"mulai,juni",Positive
"jembatan,bangun,rekayasa",Positive
"suasana,haru,makam,korban,celaka,timpa",Negative
"korban,timpa,makam",Negative
"rem,blong,material,timpa,tewas",Negative
"bantu,modal,miliar,gelontor,bagi",Positive
"evakuasi,dramatis,korban,timpa",Negative
"celaka,maut,gali,timpa,tewas",Negative
"gabung,pil,ekstasi",Negative
"timpa,tewas,sar,usaha,evakuasi,korban",Negative
"tari,kepang,alternatif,hibur",Positive
"antre,stasiun,tawang,terap,nal,wajah",Negative
"acara,dukung,ampas,aset,koruptor,sah",Positive
"jelang,calon,hewan,kurban,obat,vitamin",Positive
"telur,mulai,turun",Negative
"spora,bantah,usir,stadion",Negative
"turun,telur,mahal",Negative
"acara,sarasehan,kades,ajak,kades,cepat,miskin",Positive
"baik,infrastruktur,harap,stadion,fungsi,bagi,khalayak,luas",Positive
"aksi,curi,tabung,rekam,modus,laku",Negative
"raup,untung,bisnis,piza,omzet",Positive
"terima,pajak,triwulan,pertama,triliun",Positive
"luncur,api",Negative
"bekuk,laku,buat,ekstasi",Negative
"ekstasi,buru,otak,buat",Negative
"nikmat,kue,lumpur,bakar,manis,legit",Positive
"pentas,karawitan,gambang,lahir,pancasila",Positive
"aksi,bakti,sosial,lahir,pancasila",Positive
"pamer,gelar,karya,ramai,lahir,pancasila",Positive
"resmi,transfer,gali",Positive
"partai,indra,siap,menang",Positive
pertama,Positive
"tunggak,pajak,kendara,triliun",Negative
"jelang,waisak,umat,buddha,bersih,bersih,wihara",Positive
"gandeng,kejar,agih,tunggak,miliar",Negative
"kisah,sukses,usaha",Positive
"inovasi,cegah,dengue,contoh",Positive
"temu,mayat,ambang,korban,aniaya,ludah,laku",Negative
"kuat,toleransi,cegah,pecah,politik",Positive
"gaduh,uang,nikah,tilap,nikah,juni",Negative
"giat,media,sosial,ekspres,wisata",Positive
"laku,aniaya,ujung,mati,tangkap",Negative
"biksu,laku,ritual,tinggal,diare",Negative
"gandeng,giat,sosial",Positive
"gandeng,wartawan,kuat,humas",Positive
"lebar,organisasi,tum,lantik,majelis,nurani",Positive
"jajan,tradisional,kue,lumpur,bakar,khas,pernah,coba",Positive
"administrasi,sensor,film,sudah,digital",Positive
"lopor,cegah",Positive
"sengaja,putar,kendara,sapa,istirahat",Positive
"sedekah,dukuh,wayang,kulit,dalang,ki,nanang,wisnu",Positive
"budaya,tradisi,sedekah",Positive
"laku,mutilasi,solo,motif,dendam,hadap,korban",Negative
"musim,haji,wisata,religi,manasik,haji,padat,unjung",Positive
"kaum,indra,siap,menang",Positive
"laku,bunuh,jasad,selokan",Negative
"seniman,keroncong,gelar,pentas,musik,lestari,budaya",Positive
"bangga,lulus,imtihan",Positive
"potong,tembus",Negative
"biksu,sambut,antusias",Positive
"gedung,seni,taraf",Positive
"mulai,juni,buka,reaksi,dagang",Positive
"naik,tembus",Negative
"baik,lunas,biaya,haji,belum,puasa",Positive
"aksi,begal,rampas,rekam",Negative
"lestari,musik,keroncong,keroncong",Positive
"gaet,investor,buat,insentif,investasi",Positive
"temu,bukti,rekonstruksi,kasus,tewas,gunung",Negative
"rekonstruksi,bunuh,gunung,libat,teman,korban",Negative
"tangkap,laku,curi,pagar,media,sosial",Negative
"teman,korban,libat,rekonstruksi,bunuh,gunung",Negative
"andang,latih,batik",Positive
"media,sosial,sangka,bunuh,gunung",Negative
"rekonstruksi,kasus,mutilasi,mayat",Negative
"periksa,kait,kasus,tewas,gunung",Negative
"adegan,rekonstruksi,bunuh,mutilasi,bos,depot",Negative
"pertama,pelopor,terap,didik,pancasila",Positive
"damping,jaksa,rekonstruksi,kasus,mutilasi,adegan",Negative
"resik,resik,kali,jaga,baku",Positive
"rekonstruksi,kasus,mutilasi,sangka,saksi,adegan",Negative
"mati,jabat,tunggu,hasil,laboratorium",Negative
buka,Positive
alumni,Positive
"telur,incar,curi,lonjak",Negative
"sangka,bunuh,gunung",Negative
"janggal,sangka,bunuh,gunung",Negative
"laku,lari,gunung,sakit",Negative
"tangkap,bunuh,gunung",Negative
"sangka,bunuh,gunung,minta,maaf,ancam,penjara",Negative
"janggal,sangka,bunuh,gunung",Negative
"sosok,bunuh,gunung,swasta,fakultas,ekonomi,semester",Negative
"sangka,tewas,gunung,sengaja,siap",Negative
"nal,akhir",Negative
"sangka,kasus,tewas,korban,media,sosial",Negative
"bagi,motor,prajurit",Positive
"mati,gunung,versi,sangka,bawa",Negative
"kejang,kejang,indekos,kasus,mati,gunung",Negative
"sangka,kasus,tewas,gunung",Negative
"kronologi,gunung,bunuh,korban,cekok,perkosa",Negative
"mati,gunung,versi,sangka,bawa",Negative
"kasus,mati,gunung,kejang,kejang,indekos",Negative
"hasil,autopsi,gunung",Negative
"bunuh,gunung,tangkap,korban,nyata,perkosa,belum,tewas",Negative
"kronologi,kasus,mati,gunung,sangka",Negative
"kronologi,mati,gunung,sangka",Negative
"dagang,telur,gulung,dampak,mahal,telur",Negative
"forensik,temu,toksin,darah,jenazah",Negative
"anti,berangkat,suci",Positive
"serobot,lapor",Negative
"rusuh,warna,tembak,mata",Negative
"misteri,mati,gunung,duga,mati,lemas",Negative
"hasil,autopsi,korban,mati,janggal,indekos,duga,keras,seksual",Negative
"tewas,forensik,temu,toksin,darah,korban",Negative
"kronologi,gunung,tinggal,kondisi,wajar",Negative
"temu,tewas,indekos,gunung,duga,keras,seksual",Negative
"gunung,temu,tewas,wilayah",Negative
"dagang,telur,gulung,dampak,naik,telur",Negative
"rahayu,akan,jamu",Positive
"distributor,hidup,naik",Negative
"telur,naik,dagang,kerap,protes",Negative
"kenang,muhammad,duta,wisata",Positive
"saksi,utama,kasus,bunuh,mutilasi,sangka",Negative
"daftar,partai",Positive
"hotel,lestari,kawasan",Positive
"beda,kenang,gelar,taman,kaya",Positive
"bunuh,bos,ganggu,jiwa",Negative
"laku,mutilasi,bos,ganggu,jiwa",Negative
"celaka,trailer,solo",Negative
"promosi,pariwisata,pilih,kenang,gelar,taman,kaya",Positive
"sangka,kasus,mutilasi,mayat",Negative
"mutilasi,bos,dagang,sangka",Negative
"minta,menang",Positive
"resmi,daftar",Positive
"seru,sehat,merdeka,ajar",Positive
"lurah,canang,kampung,bahari",Positive
"rutin,gelar,rahman,kini,ibadah",Positive
"geram,aksi,koboi,kasus,bunuh,mutilasi",Negative
"kolaborasi,kurikulum,didik,olahraga",Positive
"kronologi,versi,laku,mutilasi,bos,galon,sinau",Negative
"arus,mudik,konsumsi,naik",Positive
"kepala,desa,rela,mundur,daftar",Positive
"luncur,jember,tiket,eksekutif",Positive
"aktor,senior,hadir,relawan,dukung",Positive
"tarzan,hadir,relawan,dukung",Positive
"alas,sali,bunuh,mutilasi,bos",Negative
"sangka,mutilasi,akhir,kini,minta,maaf",Negative
"laku,bunuh,bos,galon",Negative
"gelar,rekonstruksi,bunuh,bos,galon",Negative
"hadir,relawan,dukung",Positive
"alas,gelar,rekonstruksi,kasus,mutilasi,bos,depot",Negative
"reaksi,keluarga,korban,mutilasi,minta,maaf,sesal,alibi",Negative
"laku,mutilasi,bos,alas,kini,sali,buat",Negative
"lepas,ekspor,produk,as,nilai,miliar,rupiah",Positive
"sesal,laku,mutilasi,akhir,minta,maaf",Negative
"terang,laku,mutilasi,bos,konsisten,rekonstruksi",Negative
"gelar,rekonstruksi,kasus,mutilasi,bos,depot,adegan",Negative
"minta,maaf,keluarga,korban,mutilasi",Negative
"laku,mutilasi,bos,galon,ganggu,jiwa,pakar,minta,tanggung",Negative
"gelar,rekonstruksi,kasus,mutilasi,mayat",Negative
"bunuh,bos,depot,sesal,psikolog,sorot,cerdas,laku",Negative
"gelar,rekonstruksi,kasus,bunuh,mutilasi,bos,depot",Negative
"gelar,rekonstruksi,bunuh,mutilasi,bos,depot",Negative
"cegah,kriminalisasi,guru",Positive
"lebaran,telur,lonjak",Negative
"rekonstruksi,kasus,mutilasi,bos,depot,laku,adegan",Negative
"rekonstruksi,bunuh,bos,galon,rencana,saksi,hadir",Negative
"laku,sewa,mutilasi,bos,depot,kriminolog,normal",Negative
"sakit,hati,salah,paham,karyawan,bunuh,bos,sadis",Negative
"kasus,mutilasi,bos,depot,kriminolog,laku,cerdas",Negative
"mayat,korban,jiwa,laku,bunuh,bos,depot,periksa",Negative
"laku,mutilasi,bos,depot,minta,jual,pindah,jasad,korban",Negative
"buat,bos,galon,laku,mutilasi,ancam,akan,bunuh,korban",Negative
"jual,saksi,kasus,mutilasi,saksi,buat,laku",Negative
"jual,saksi,kasus,mutilasi,mayat",Negative
"kerja,depot,bos,salah",Negative
"kelas,gelar,zero",Positive
"bos,depot,pernah,ancam,akan,bunuh,kerja",Negative
"teknisi,tewas,lift,kantor,makam",Negative
"peran,dagang,bunuh,bos,galon,tidak,lapor",Negative
"dendam,sangka,mutilasi,aniaya,korban,tewas",Negative
"kronologi,mutilasi,bos,depot",Negative
"lengkap,laku,mutilasi,bos,depot",Negative
"laku,bunuh,mutilasi,dendam,hadap,korban",Negative
"mutilasi,bos,hidup,korban,napas,kayak",Negative
"laku,mutilasi,bos,sakit,hati",Negative
"nilai,laku,mutilasi,bos,sosok,diam",Negative
"laku,mutilasi,mayat,tangkap,tampang",Negative
"karyawan,laku,mutilasi,mayat,bos,depot",Negative
"bunuh,mutilasi,bos,depot",Negative
"sakit,hati,aniaya,karyawan,mutilasi,bos,depot",Negative
"bunuh,bos,laku,curi,uang,open",Negative
"alas,laku,mutilasi,bos,galon,lari,langsung,enak",Negative
"senyum,kronologi,mutilasi,bos,depot",Negative
"mutilasi,bos,ambil,pakai,buat,mabuk,sewa",Negative
"alas,kabur,mutilasi,bos,bikin,tawa,wartawan",Negative
"bunuh,bos,laku,curi,uang,cewek,open,aplikasi",Negative
"alas,laku,kabur,bunuh,mutilasi,majikan,kerja",Negative
"laku,bunuh,mutilasi,bos,depot,tangkap",Negative
"laku,bunuh,mutilasi,alas,habis,bos,depot,dendam",Negative
"laku,mutilasi,dendam,sakit,hati,korban",Negative
"jasad,bos,depot,mutilasi,laku,sakit,hati,salah",Negative
"bunuh,bos,galon,potong,korban",Negative
"alas,laku,mutilasi,bos,galon,langsung,serah,enak",Negative
"laku,mutilasi,mayat,sudah,rantau",Negative
"keluarga,laku,mutilasi,bos,reaksi,diam",Negative
"makam,teknisi,lift,kantor,santun",Positive
"keluarga,laku,mutilasi,bos,reaksi,diam",Negative
"tampang,laku,mutilasi,mayat",Negative
"bunuh,bos,galon,sesal,puas",Negative
"tua,kaget",Negative
"salah,komunikasi,teknisi,tewas,lift,kantor",Negative
"tangkap,laku,mutilasi,mayat",Negative
"laku,mutilasi,mayat,bos,depot,karyawan,korban",Negative
"laku,mutilasi,bos,hidup,buat,pingsan",Negative
"tragedi,lift,kantor,korban,tinggal,dunia",Negative
"fakta,temu,mayat,korban,mutilasi",Negative
"fakta,usaha,mutilasi,laku,balas,dendam,marah",Negative
"laku,utama,kasus,mutilasi,bos,galon,tangkap,rilis",Negative
"gelar,olah,kasus,temu,mayat",Negative
"tragis,teknisi,tewas,baik,lift,kantor",Negative
"cekcok,pesta,ujung,maut",Negative
"usaha,tewas,mutilasi,jenazah",Negative
"korban,tewas,lift,duga,salah,prosedur",Negative
"jenazah,pria,temu",Negative
"belum,mayat,korban,mutilasi,bagi",Negative
"identitas,mayat",Negative
"bawang,belum,turun,lebaran",Negative
"teknisi,kantor,tewas,lift",Negative
"teknisi,tewas,lift,kantor",Negative
"lebaran,bawang,belum,turun",Negative
daftar,Positive
"dagang,erong,keluh,bawang,tinggi",Negative
"geger,temu,jasad,pria,usaha",Negative
"pria,nyata,usaha,jasad,mutilasi,bagi",Negative
"demo,dewan,hadiah,tikus,telur",Negative
"kronologi,temu,mayat,bau,busuk",Negative
"depot,tewas",Negative
"halalbihalal,erat,jalin,silaturahmi,rukun",Positive
"obat,ida,kecewa,nyata,info",Negative
"tipu,info,praktik,obat,ida",Negative
"cabai,erong,mulai,turun",Negative
"parade,sarung,gaya,riah",Positive
"tebing,longsor,akses,putus",Negative
"pasang,atribut,kampanye,ibadah,larang",Positive
"larang,pasang,atribut,kampanye,ibadah",Positive
"libur,lebaran,serbu,unjung",Positive
"lebaran,cabai,turun",Negative
"luncur,aplikasi,digital,layan,masyarakat",Positive
"ari,riah,layan,baik",Positive
"siap,gandeng,maju",Positive
"gelar,tari,massal,didik,nasional",Positive
"minta,sedekah,zakat,tidak,tumpang,politik",Positive
"aksi,buruh,awas",Negative
"pawai,gelar",Positive
"buruh,dunia,puluh,buruh,tuntut,cabut,cipta,kerja",Negative
"ajar,tabrak,api,kendal,imbau,patuh,atur",Negative
"joget,bareng,hut",Positive
"riah,pawai",Positive
"buruh,korban,bengkel,motor",Negative
"aksi,buruh,tuntut,cipta,kerja,cabut",Negative
"bakar,gudang,rosok,aksi,cepat,tugas,selamat,mukim,padat",Negative
"potret,toleransi,fitri",Positive
"larang,kampus,lokasi,kampanye",Negative
"raih,juara,pertama,selenggara,perintah",Positive
"sandi,panggung,sinyal,koalisi",Positive
"udik,gratis,kapal,perang,senang",Positive
"bongkar,lapak,dagang,kawasan,kanjeng",Negative
"arus,ruas,siap,celaka",Negative
"momen,kapal,perang,angkut,roda,armada",Positive
"lelah,bekas,udik,motor,celaka",Negative
"dukung,sanjung",Positive
"pantau,arus",Positive
"temu,sinyal,duet",Positive
"gudang,rongsok,bakar",Negative
"diskon,persen",Positive
"nikmat,libur,lebaran",Positive
"naik,kapal,perang,udik,antusias",Positive
"cuti,lebaran,harus,izin",Positive
"pesawat,gagal,terbang,apresiasi",Negative
"antusiasme,udik,naik,kapal,perang",Positive
"laku,diskon,tarif,persen,trans,arus",Positive
"terap,gerbang",Positive
"cuti,lebaran,bilang",Positive
"pantau,udara,arus,solo",Positive
"destinasi,wisata,favorit,udik",Positive
"destinasi,wisata,favorit,udik",Positive
"mudik,lebaran,sri,kenang,buru,kuliner,legendaris",Positive
ruas,Positive
"arah,gerbang,lengang,siang",Positive
"kondisi,arus",Positive
"udik,buru,khas",Positive
"lebaran,cabai,bawang,bombai,gila,gila",Negative
"bantu,udik,indra,bagi,bungkus",Positive
"bagi,paket,masyarakat,belu,tenggara",Positive
"masyarakat,harap",Positive
"henti,bebas,lindung",Negative
"tunggu,udik,rela,antre,cepat",Positive
"arus,tumpang",Negative
"limbah,kayu,dekorasi,interior,nan,cantik",Positive
"tugas,sehat,siap,arus,mudik",Positive
"aman,gelar,patroli",Positive
"siap,salat,fitri",Positive
"produsen,petas,kam",Negative
"imbau,hindar,arus,tanggal,april",Positive
"salat,fitri,kampus",Positive
olahraga,Positive
"arus,mudik,maskapai,aju",Positive
"momen,tinjau,area",Positive
"jadwal,imsak,subuh,bandung,medan,jumat,april",Positive
"hilang,kendali,bus,tabrak,solo",Negative
"daftar,lokasi,salat,idulfitri,jumat,april",Positive
"jadwal,buka,puasa,medan,kamis,april",Positive
"bahaya,udik,parkir,bahu",Negative
"puncak,arus,mudik,pintu,padat,udik,kilometer,april",Positive
"tinjau,stok,jalur,mudik,aman",Positive
"udik,istirahat,lelah,setir",Positive
"udik,naik,kapal,perang,gratis,labuh,tanjung,emas",Positive
"aplikasi,digital,cegah,jahat",Positive
"puncak,arus,mudik,langsung,nasional,terap,april",Positive
"gerbang,padat,terap",Negative
"jadwal,imsak,subuh,bandung,kamis,april",Positive
"bingung,mudik,jenis,area,sinau",Negative
"laku,olah",Positive
"area,batang,fasilitas,sambut,udik,info,mudik",Positive
"anti,cemas,simak,listrik,aman,tinggal,mudik",Positive
"area,siap,antisipasi,lonjak,udik",Positive
"wakil,dorong,usaha",Positive
"jadwal,imsak,subuh,bandung,april",Positive
"mulai,laku",Positive
"damai,ramadan,yatim,terima,santun",Positive
"berkah,ramadan,bagi,takjil,gratis",Positive
"udik,larang,istirahat,bahu",Negative
"jadwal,buka,puasa,medan,selasa,april",Positive
"stasiun,tawang,mulai,padat,udik",Negative
"mulai,april,laku,atur",Positive
"sebar,tugas,aman,mudik,lebaran",Positive
"musnah,botol,knalpot,bahan,mercon",Negative
"jadwal,imsak,wilayah,bandung,selasa,april",Positive
"jadwal,buka,puasa,bandung,medan,april",Positive
"pantau,siang,senin,april",Positive
"gerak,juara",Positive
"duga,korupsi,hibah,mantan,periksa",Negative
"mudik,gratis,naik,kapal,perang,syarat,mudah",Positive
"temu,takjil,kandung,bahan,bahaya",Negative
macet,Negative
"jamin,selamat,udik,kerah,tugas,aman",Positive
"indah,toleransi,bangun,sahur,musik",Positive
"indah,toleransi,bangun,sahur,musik",Positive
"udik,labuh,kendal",Positive
"rekonstruksi,jembatan,pemali,molor,siap,rekayasa",Positive
"laku,begal,tangkap,tegal",Negative
"titik,lelah,celaka,trans,udik,wajib,istirahat",Negative
"jadwal,imsak,subuh,bandung,senin,april",Positive
"mudik,unik,kawasan,sedia,fasilitas,lengkap,gratis",Positive
"jadwal,buka,puasa,bandung,medan,minggu,april",Positive
"jadwal,buka,puasa,bandung,medan,ramadan,april",Positive
"sambut,udik,ramadan,labuh,tanjung,emas",Positive
"minibus,tabrak,solo,korban,jiwa,luka,luka",Negative
"kronologi,celaka,maut,solo,libat,versus,tewas",Negative
"alas,motor,pilih,mudik,kapal,uju",Positive
"jadwal,buka,puasa,bandung,medan,sabtu,april",Positive
"tekan,inflasi,gelar,bazar,ramadan",Positive
"korban,celaka,maut,solo,makam,massal",Negative
"saksi,korban,selamat,celaka,solo",Negative
"raih,bangun",Positive
"jenazah,korban,celaka,solo,pulang",Negative
"jadwal,imsak,subuh,bandung,sabtu,april",Positive
"top,celaka,solo,tangkap",Negative
"celaka,solo,tewas,gelar,olah",Negative
"olah,maut,solo",Negative
"jenazah,korban,maut,solo,visum",Negative
"prihatin,kondisi,rektor,harus,selamat",Positive
"celaka,solo,korban,tinggal",Negative
"evakuasi,jenazah,korban,maut,solo",Negative
"kronologi,lengkap,celaka,solo,korban,impit",Negative
"korban,solo",Negative
"korban,tewas,celaka,maut,solo",Negative
"masuk,besar,laku,uji,visitasi",Positive
"advokat,kompak,dukung,lawan,korupsi",Positive
"rektor,harus,selamat",Positive
"isu,restu,urus,bu,mega",Positive
"arus,mudik,konsumsi,naik,persen",Positive
"celaka,solo,berat,bantu,evakuasi,kendara",Negative
"olah,celaka,solo,duga",Negative
"hancur,guling,libat,celaka,solo",Negative
"celaka,solo,enam,korban,tinggal",Negative
"larang,mudik",Negative
"evakuasi,celaka,solo,berat,terjun",Negative
"duga,celaka,solo",Negative
"enam,korban,tewas,celaka,solo,hasil,evakuasi",Negative
"selamat,celaka,solo,sahur",Negative
"celaka,solo,bagi,jalur",Negative
"kronologi,celaka,solo,tewas,kendara,parkir,tabrak",Negative
"nenek,minta,kepala,dusun,terima,ganti,rugi,lahan",Negative
"celaka,solo,korban,tinggal,dunia,tumpang,minibus",Negative
"kondisi,kini,celaka,maut,solo,hancur,guling",Negative
"celaka,solo,tewas",Negative
"jasad,korban,celaka,maut,solo",Negative
"celaka,kendara,solo,kabar,tewas",Negative
"enam,tewas,celaka,solo",Negative
"jadwal,imsak,subuh,bandung,jumat,april",Positive
"terima,ganti,rugi,lahan,nenek,minta,kepala,dusun",Negative
"ricuh,demo,tolak,cipta,kerja",Negative
"demo,roboh,pagar",Negative
"jadwal,buka,puasa,bandung,medan,kamis,april",Positive
"jasa,marga,siap,skenario,lancar,udik",Positive
"minta,baik,jalur,mudik,kebut",Positive
"udik,kapal,mulai,adati,labuh,tanjung,emas",Positive
"antisipasi,tipu,kode,masjid",Positive
"jasa,marga,siap,skenario,antisipasi,macet,celaka,trans",Positive
"laku,masjid,video,edar",Negative
"tangkap,kait,kasus,suap,stasiun,tegal",Negative
"siap,kapal,motor,angkut,udik,libur",Positive
"jadwal,imsak,subuh,bandung,kamis,april",Positive
"kisah,minta,ganti,rugi,lahan,nyata,salah,taksir",Negative
"kondisi,balai",Negative
"bantu,paket",Positive
"ari,dukung,sah,ampas,aset",Positive
"masuk,besar,anugerah",Positive
"bagi,berkah,bahagia,yatim",Positive
"iring,iring,sidik",Positive
"jelang,lebaran,toko,bahan,kue,ramai,kunjung",Positive
"iring,iring,sidik",Positive
"arus,mudik,dekat,rusa,jalur",Positive
"gerak,cepat,laku,jahat,hadap,sersan,hanif",Negative
"ikat,mulut,selamat,tegal",Positive
"jadwal,imsak,subuh,bandung,april",Positive
"gelar,jabat,balai,tangkap",Negative
"jari,festival,bagi,baik,ramadan",Positive
"baik,jembatan,utama,wilayah,kelar,lebaran",Positive
"labuh,tanjung,emas,siap,hadap,lonjak,udik",Positive
"busana,muslim,warna,pastel,tren",Positive
"duga,gelap,bus,usaha,rembang",Negative
"harap,pinang",Positive
"distribusi,tradisional,belum",Negative
"daftar,stasiun,listrik,batang",Positive
"nikmat,kambing,guling,menu,buka,hotel",Positive
"relawan,gelar,musyawarah,siap,strategi",Positive
"demo,tolak,ujung,ricuh",Negative
"jadwal,imsak,wilayah,bandung,selasa,april",Positive
"demo,tolak,akhir,ricuh,temu",Negative
"dagang,pantau,jelang,lebaran",Positive
"kapal,utama,siap,angkut,udik,lebaran",Positive
"jadwal,buka,puasa,senin,april,bandung,medan",Positive
"favorit,pilih,pimpin",Positive
"kambing,guling,menu,buka,puasa",Positive
"berkah,ramadan,pesisir,bantu",Positive
"siaga,layan,antisipasi,puncak,arus,mudik",Positive
"jadwal,buka,puasa,minggu,april,bandung,medan",Positive
"hebat,ramadan",Positive
"jadwal,imsak,subuh,bandung,sabtu,april",Positive
"buru,takjil",Positive
"rahman,inflasi,rendah",Negative
"kendara,masuk,gerbang,prediksi,naik,persen",Positive
"kapal,siap,arus,mudik,lebaran",Positive
"rukun,jaga",Positive
"visualisasi,salib,kenang,kisah,sengsara,kristus",Positive
"tinggal,tren,nyata,baju,muslim,nuansa,pastel,ati,masyarakat",Positive
"kapal,siap,angkut,udik",Positive
"stok,bahan,pokok,aman,jelang,lebaran",Positive
"jelang,fitri,tekan,inflasi,program,rahman",Positive
"bubur,kuliner,khas,ramadan,masjid,pekojan,legendaris",Positive
"jadwal,imsak,subuh,bandung,jumat,april",Positive
"tumbuh,cepat,puji",Positive
"jadwal,buka,puasa,kamis,april,bandung,medan",Positive
"sangka,bahan,ledak,tangkap",Negative
"kasus,narkoba",Negative
"apresiasi,kembang,cepat,amin",Positive
"jadwal,imsak,subuh,bandung,kamis,april",Positive
"murah,produk,murah,mulai,rajin",Positive
"jadwal,buka,puasa,ramadan,april,bandung,medan",Positive
"puasa,siap,strategi,stok,darah",Positive
"kunjung,harap,damai",Positive
"jadwal,imsak,subuh,bandung,april",Positive
"sangka,kasus,narkoba",Negative
"jadwal,buka,puasa,selasa,april,bandung",Positive
"partai,target,besar,dukung",Positive
"mabuk,rusak,motor,akhir,tangkap",Negative
"lengkap,jadwal,mudik,bandung",Positive
"indra,target,kursi",Positive
"indra,catat,daftar",Positive
"dadak,panggil",Negative
"tarif,trans",Positive
"dadak,panggil,bahas",Negative
"momen,pulang,dadak,panggil",Negative
"bukit,senja",Positive
"aplikasi,raih,top,layan",Positive
"bab,sembarang",Negative
"sehat,metode,omnibus,hindar,potensi,tumpang,tindih,atur",Positive
"murah,rahman,serbu",Positive
"tradisi,masak,bubur,saji,buka,puasa",Positive
"pangan,lonjak,jelang,lebaran,gelar,murah",Positive
"korsleting,listrik,hangus,bakar",Negative
"jadwal,imsak,subuh,bandung,minggu,april",Positive
"aplikasi,raih,top,inovasi,layan",Positive
"temu,awas,edar",Negative
"jadwal,buka,puasa,jumat,maret",Positive
"kandung,zat,bahaya,temu,erong",Negative
"hilang,pria,nekat,jambret",Negative
"jadwal,imsak,subuh,bandung,jumat,maret",Positive
"tangkap,laku",Negative
"omzet,dagang,baju,tingkat,ramadan",Positive
"buru,uang,lebaran,rela,antre",Positive
"minta,semangat,latih",Positive
"sungai,luap,karyawan,pilih,pulang",Negative
"kasus,nikah,umur,syekh,puji,panggil",Negative
"razia,ramadan,toko,kelontong,segel",Positive
"colong,mahkamah,agung,rancang,manajemen,anti,uap",Negative
"jadwal,imsak,subuh,bandung,kamis,maret",Positive
"jelang,laga,versus,tugas,siaga,batas",Negative
"aman,jelang,laga,lawan,stadion",Positive
"nekat,terjang,banjir,karyawan,paksa,putar,takut,hanyut",Negative
"bagi,takjil,gratis,toleransi,tinggi,umat",Positive
"bekal,uju,akhirat,lansia,ramadan",Positive
"jadwal,buka,puasa,senin,maret,bandung",Positive
"percaya,bunuh,keluarga,minta,usut",Negative
"tumbuh,cinta,budaya,pagelaran,tari",Positive
"imbau,dagang,kembang,api,jual,petas",Negative
"kolaborasi,pamer,karya,multimedia",Positive
"tolak,percaya,perintah",Negative
"ramadan,prediksi,konsumsi,naik,persen",Positive
"stabil,tinggi",Positive
"obat,ilegal,musnah",Negative
"kondisi,duka,ajudan,almarhum",Negative
"malu,gandeng,universitas,kelola",Positive
"jadwal,buka,puasa,senin,maret,azan,magrib",Positive
"ramadan,vaksinasi",Positive
"bawa,rakyat,bahasa,inggris,tanpa,teks",Positive
"buru,takjil,favorit,khas,ramadan",Positive
"rukun,jemaat,gereja,bagi,takjil",Positive
"resmi,unit,ambulans,panser,stadion",Positive
"jadwal,imsak,subuh,bandung,solo,senin,maret",Positive
"jadwal,buka,puasa,maret,ramadan",Positive
"tewas,ajudan,padat,layat",Negative
"jadwal,imsak,buka,puasa,bandung,medan,sabtu,maret",Positive
"kondisi,aman,layar",Positive
"jadwal,buka,puasa,bandung,jumat,maret",Positive
"ganggu,arus,lapak,dagang,alun,alun,bongkar",Negative
"jadwal,imsak,buka,puasa,tegal,kudus,jumat,maret",Positive
"bongkar,lapak,dagang,dugder",Negative
"manusia,temu,plafon,kosong",Negative
"festival,dermaga,antusias,naik",Positive
"etika,dunia,cegah,masuk,paham,ekstrem",Positive
"sosialisasi,awas,gandeng,konten,kreator",Positive
"tugas,hilal,tunggu,ramadan",Negative
"dugder,rebut,kue,rel",Negative
masyarakat,Positive
"sambut,ramadan,sukses,gelar,dugder",Positive
"ancam,sita,nyata,sertifikat,gadai",Negative
"sambut,tradisi,dugder,gelar",Positive
"pantau,gera,jelang",Positive
"pentas,cinta,lagu,momen,bangkit,lagu",Positive
"penuh,genjot,produksi",Positive
"ramadan,larang,bagi,bagi,takjil,batas,buka,hibur",Negative
"relawan,sepakat,cipta,damai",Positive
"perempuan,masak,cegah",Positive
"telur,naik",Negative
"sambut,ramadan,gelar,tradisi,gebyur",Positive
"kapal,perang,akan,sandar,labuh,tanjung,emas",Positive
laga,Negative
"raih,digital",Positive
"jelang,telur,tradisional,naik",Negative
"robot,gamelan,tabuh,gamelan,otomatis",Positive
"koperasi,harap,bantu,modal,bisnis,digital",Positive
"jelang,hut,perintah,dorong,produk,sertifikat,halal",Positive
"target,daftar,serap",Positive
"nostalgia,tradisional,dugder",Positive
"tinggal,dekat,kapon,siap,relokasi",Positive
"kudap,jual,dugder",Positive
"keren,buat,animasi,edukasi,cegah,banjir",Positive
"turis,larang,sewa,motor,akan,pantau,dampak",Negative
"mudik,lebaran,lebaran,baik,sudah,beres",Positive
"tangkal,bebas,lahan",Negative
"jelang,suci,ramadan,bahan,pokok,tradisional,rangkak,naik",Negative
"saji,gizi,gratis,warung,ikhlas,bantu",Positive
"stabil,jelang,ramadan,gelar,operasi",Positive
"erupsi,rapi,minta,waspada",Negative
"tabrak,pikap,muat,sayur,ungar",Negative
"celaka,libat,tewas",Negative
"buat,aroma,terapi",Positive
"kendara,tewas",Negative
"aksi,demo,tuntut,ketua,mundur",Negative
tangki,Positive
"indra,buka,daftar",Positive
"rusak,mulai,baik",Positive
"raih,universal,tinggi,anggar,biaya,miliar",Positive
"resah,deret,kasus,keras,ujung,kriminal",Negative
"jamin,aman",Positive
"jelang,peta",Positive
seleksi,Positive
"generasi,gerak,dukung",Positive
"cipta,animasi,edukatif,banjir",Positive
"abu,landa,kendara,tutup,debu",Negative
"dampak,hujan,cabai,sayur,naik",Negative
"tekan,deteksi,rawan",Negative
"sepi,gadang,klitik,minta,solusi",Negative
"temu,pimpin,demo,tolak,akhir,ricuh",Negative
"blokir,demo,tolak",Negative
"cabai,mulai,tembus,jelang,ramadan",Negative
"arah,korps,siap,aman",Positive
"ramadan,bi,siap,langkah,antisipasi,inflasi",Positive
"stok,aman,jelang,ramadan",Positive
"pasok,aman",Positive
"aman,piala,dunia,siap",Positive
"siap,juara,piala,festival,wanita",Positive
"keren,buat,animasi,ajar,banjir",Positive
"hut,kelompok,sadar,wisata,gelar,genjot,pariwisata",Positive
"tradisi,budaya,sambut",Positive
"pugar,makam,ulama,besar,kiai,darat,nyaman",Positive
"umat,dewi,welas,asih",Positive
"buka,ajak,terap,pola,hidup,sehat",Positive
"isu,resesi,optimis,hadap,tantang,ekonomi",Positive
"dorong,dana,darurat,baik,rusak",Positive
"berkah,suami,istri,sukses,rintis,usaha,bandeng,presto",Positive
"sambal,durian,mengkal,unik,enak,mudah,buat",Positive
"prakira,besar,urut,hujan,guyur,wilayah",Negative
"apresiasi,kinerja,hasil,turun,angka,persen",Positive
"curi,janji,minta,korban,tabur,garam,gondol,uang",Negative
"adu,rusak,instruksi,optimal,biaya,darurat",Negative
rujuk,Positive
"pungli,seleksi,bintara,tuntut,mundur",Negative
"telan,anggar,miliar,cantik,taman",Positive
"dagang,teken,kayu,inggris",Positive
"cetak,gol,gawang,pingsan",Negative
"perintah,target,sambung,masuk",Positive
"kisah,sukses,usaha,bandeng,presto,tembus,mancanegara",Positive
"pajak,bubar,tum,sah,sah",Positive
"perempuan,lansia,korban,turun",Negative
"temu,terima,hadiah",Positive
"puluh,desa,ujung,ujung,camat,tuntut,hukum",Negative
"kepala,tidak,harus,guru,gerak",Positive
"koordinator,maki,lapor,duga,selundup,mewah",Negative
gajah,Positive
"maki,lapor,selundup,mewah,labuh",Negative
"zona,merah,camat,tinggi,kasus",Negative
"pasien,sultan,agung,tingkat,mayoritas",Negative
"kuda,bendi,curi,jumat",Negative
"akhir,damai,senjata,tajam,cekcok,terima,pepet",Positive
"politik,masjid,pusat",Positive
"suami,kena,pandemi,istri,rintis,bisnis,bandeng,presto",Positive
"siap,menang",Positive
"harus,humas,era,digitalisasi",Positive
waspada,Negative
"gejala,tinggal",Negative
"kuda,bendi,raib,tinggal,salat,jumat",Negative
"media,sosial,kasus,oknum,marah,akhir,damai",Negative
"calon,jemaah,haji,mulai,kumpul,paspor",Positive
"saji,istimewa,olah,ikan,vide,salmon",Positive
"ajang,kreativitas",Positive
"ukir,prestasi,cabang,olahraga,panah",Positive
"parade,kena,sarung,kampanye,budaya",Positive
"jemaah,haji,mulai,kumpul,paspor,jelang,musim,haji",Positive
"waspada,tinggal",Negative
"amuk,pakai,sangkur,buka",Negative
"longsor,getas,dinding,tahan,ambrol,luka",Negative
"gelar,bahas,nasib,kompetisi",Positive
"kronologi,belas,kulon,rendam,lumpur,tanggul,jebol",Negative
"longsor,ancam,aman",Negative
"modus,curi,tamu,hotel",Negative
"banjir,waspada",Negative
"parade,riah,sarung,nasional",Positive
"panen,impor,rendah,buat,tani,puruk",Positive
"cegah,longsor,ungar,bangun,ban,bekas",Positive
"jalur,kudus,rendam,banjir,alih",Negative
"induk,rusak,bikin,omzet,dagang,turun,drastis",Negative
"selaras,jiwa,raga,senam,yoga",Positive
komisi,Positive
"cabai,rawit,merah,bulu,tembus",Negative
"harus,jeli,laku,awas,media,sosial",Negative
"rebut,kursi,legislatif,pan,siap,strategi,khusus",Positive
"tamu,hotel,pria,curi",Negative
"laga,versus,resmi,tunda,faktor,aman,alas,utama",Negative
"sakit,tewas,bakar",Negative
"jelang,panen,jamin,stok,aman",Positive
"longsor,ungar,ancam,puluh,subsidi,roboh",Negative
"kronologi,tumpang,pesawat,bawa,bom,terbang,tunda",Negative
erat,Positive
"optimis,ketua,nyali",Positive
"jual,fokus,tradisional",Positive
"liter,gelontor,tradisional",Positive
"jemput,imigrasi,prioritas,paspor,haji",Positive
"motor,terjun",Negative
"pot,kuliner,murah,hotel",Positive
"buat,film,animasi,hadir,ikon",Positive
"hadap,krisis,pangan,tan,ajak,jaga,pangan",Positive
"tabrak,tewas,lokasi",Negative
"tani,harap,konservasi,lahan",Positive
"naik,laris,manis,erong",Positive
"naik,dagang,stok",Negative
"bawang,putih,naik,bawang,merah,turun",Negative
"perempuan,tewas,senapan,angin,sengaja,tarik,pelatuk",Negative
"tragis,perempuan,tewas,senapan,angin",Negative
"top,jenguk,resmi,kondisi,kondusif",Positive
resmi,Positive
"resmi,sayung,integrasi,kawasan,produksi",Positive
"tabrak,kronologi",Negative
"butuh,oknum,guru,honorer,curi",Negative
"dorong,inovasi,gelar,karya",Positive
"identitas,duduk,digital,persen",Positive
"biaya,naik,calon,jemaah,haji,mundur",Negative
"celaka,maut,tabrak,suami,istri,tewas",Negative
"gelar,antisipasi,ancam",Positive
"cegah,banjir,konservasi,modifikasi",Positive
"aset,dinar,indah,ungsi",Negative
"jual,temu",Positive
"banjir,tradisional",Negative
"hujan,deras,longsor",Negative
"gajah,betina,mati,usia",Negative
inspirasi,Positive
"sakit,gigi,ginjal,gajah,betina,mati",Negative
"kunjung,duel,versus,sita,pindah",Negative
"cegah,perintah,pelita",Positive
"akan,relokasi,dinar,indah,olak",Negative
"kerap,banjir,bandang,minta,tanggul,permanen,bangun",Negative
"hujan,deras,longsor",Negative
"banding,dinar,indah,tolak,relokasi",Negative
"cipta,simulator,teknologi,virtual",Positive
"cipta,bas",Positive
awas,Negative
"komikus,pamer,komik",Positive
"bakar,hebat,landa,gudang,plastik",Negative
"durian,jumbo,ramai,festival,durian",Positive
"mulai,februari,tiket,lebaran,sudah,pes",Positive
"korban,banjir,hujan,sih,perabot",Negative
"cegah,ricuh,minta,koordinator,persis,solo,temu",Negative
"duga,antuk,solo",Negative
"tampil,sehat,bugar,kencang,senam",Positive
"hebat,cipta,simulator,virtual",Positive
"ajar,budaya,tradisi",Positive
"kembang,potensi,ajak,bupati,gandeng,investor",Positive
"wartawan,nomor,punggung,unik",Positive
"rekam,indah,sudut,sketsa",Positive
"rajin,donor,darah,bikin,awet,sehat",Positive
"awas,ketat,distribusi,tradisional",Negative
"tanggul,rembes,dinar,indah,butuh,tanggul,permanen",Negative
"ambil,langkah,bentuk,komite,cegah,ricuh",Positive
"banjir,bandang,sih,lumpur",Negative
"rahayu,buka,festival,durian",Positive
"wilayah,mukim,dampak,banjir,sungai,pengkol,luap",Negative
"bentuk,komite,ad,lindung",Positive
"minta,koordinator,temu,favorit,tonton,ya",Positive
"cegah,ricuh,harap,kelompok,persis,temu",Negative
"ricuh,tum,bentuk,komite,ad",Negative
"bentuk,komite,ad,buntut,ricuh,versus",Negative
"gelar,bentrok,stadion",Positive
"minta,investigasi,mata,bentrok,versus",Negative
"edar,palsu,liter",Negative
"rahayu,bagi,alam",Positive
"aksa,masuk,stadion,bentrok",Negative
"imbas,mata,ricuh,versus,rapat,genting,kumpul",Negative
"alas,tembak,mata,kini,periksa,ricuh",Negative
"ricuh,stadion,tanding,versus,persis,akan,laku,evaluasi",Negative
"ricuh,stadion,minta,koordinator,temu,damai",Negative
"ricuh,stadion,situasi,sudah,kondusif,belum,lapor,korban,luka",Negative
"ricuh,stadion,minta,koordinator,temu",Negative
"situasi,stadion,mulai,kondusif,ricuh,korban,luka",Negative
"ricuh,stadion,imbau,tahan",Negative
"ricuh,stadion,paksa,masuk,stadion",Negative
"halau,area",Negative
"lempar,batu,balas,mata",Negative
"ricuh,kecewa",Negative
"stabil,gelontor",Positive
"muncul,liter,keluh",Negative
"korban,leceh,kampus",Negative
"salur,bagi,korban,banjir",Positive
"tekan,operasi",Negative
"langka,pangan,gudang",Negative
"aksi,bobol,rekam,laku,tahan",Negative
"cegah,abrasi,tanam,bibit",Positive
"cegah,abrasi,konsisten,tanam,pesisir",Positive
"kantor,segel,tuntut,ketua,mundur",Negative
"olak,tangkap,curi,motor,gigit",Negative
"belum,perwira,bekal,terap,hukum,progresif",Positive
"angka,turun,persen,apresiasi,kinerja",Positive
"selamat,gempa",Positive
"fokus,bangun,tahan,pangan",Positive
"usung,konsep,maju",Positive
"kasih,jual,cokelat,modifikasi,laris,manis",Positive
"pakai,liter",Positive
"antusias,bareng,sidang,vonis",Positive
"alas,faktor,laga,versus,tunda",Negative
"kantor,segel",Negative
"seru,ajar,buat,roti,ahli,belanda",Positive
"pustaka,keliling",Positive
"mudah,izin,tekan,tambang,ilegal",Negative
"kampanye,gratifikasi,sasar",Positive
"periksa,hamil,rutin,cegah,bibir,sumbing",Positive
"waspada,kasus,diabetes,tingkat",Negative
"abai,curah,ati",Positive
"selamat,gempa",Positive
"selamat,gempa,tua,posisi,tidur",Positive
"ayah,selamat,akhir,kabar",Positive
"bangun,fokus,utama,perintah",Positive
"simak,atur,pakai,kuota,batas",Positive
"hebat,lukis,lukis,indah,lahir,teman",Positive
"akan,hadir,haul,abah",Positive
"tidak,wajar",Negative
"vaksinasi,pasang,target",Positive
"hebat,andang,gelar,pamer,lukis",Positive
"gera,lurus,netral",Positive
"dermaga,labuh,tanjung,emas,tinggi,tanggul,kuat",Positive
"vaksinasi,makam,warna",Positive
"dinar,indah,tuju,relokasi",Negative
"akan,hadir,seminar",Positive
"ulama,kondang,nyentrik,lulus,predikat,hormat,tinggi",Positive
"belum,terap",Negative
bangun,Positive
"bahan,pokok,naik,dagang,porsi,naik",Negative
"wakil,perempuan,lurah",Positive
nama,Positive
"bangun,liar,labuh,tanjung,emas,bongkar,paksa",Negative
"temu,mayat,bayi,bungkus,plastik",Negative
"cipta,konsep,cerdas",Positive
"langka,keluh,dagang",Negative
"temu,jasad,bayi,bungkus,sarung,cokelat,kerumun,lalat,gandeng",Negative
"terjang,ombak,tagih,janji,bantu,perintah",Negative
"canggih,cipta,miniatur,cerdas",Positive
"bawang,merah,tradisional,naik,tembus",Negative
"langka,keluh",Negative
"jaga,tradisi,cap",Positive
"rusak,terjang,ombak,harap,bantu",Negative
"rusak,terjang,ombak,bantu,kunjung",Negative
"quran,implementasi,profil,ajar,pancasila",Positive
"nikmat,lontong,cap,saji,wajib,imlek",Positive
"pajak,lampau,target",Positive
"cegah,tempel,waspada",Positive
"hijau,kampus,tanam",Positive
"buka,butuh",Positive
"klaim,provinsi,melek,isu",Positive
"komunikasi,keluarga,cegah,kawin,hamil,nikah",Positive
"marak,isu,sosialisasi",Positive
"rusak,celaka,akhir,baik",Negative
"ikan,inspirasi,tata,kelola,buat,miniatur",Positive
"gelar,relawan,musyawarah,dukung",Positive
"laku,erang,cuci,tangkap",Negative
"usia,roboh",Negative
"calon,lurah,tes,wawancara",Positive
"hijau,sungai,solusi,cegah,banjir,dinar,indah",Positive
"antisipasi,ketat,awas",Positive
"ikan,arah,asli",Positive
"cegah,banjir,randu,tanam,ungar",Positive
khusus,Positive
"aksi,curi,motor,rekam",Negative
"nikah,marak,psikolog",Negative
"antisipasi,banjir,dinar,indah,akan,laku,kali,babon",Negative
"hujung,miliar,dana,salur",Positive
"dana,tanggulang,miskin,triliun",Negative
"naik,tembus,liter",Negative
"modus,tumpang,permen,korban",Negative
"bisik,temu",Positive
"partai,indra,muncul",Positive
"kondisi,longsor,area,solo",Negative
"terjun,politik,suka,pilih",Positive
"longsor,area,solo,timpa,longsor",Negative
"tebing,area,solo,longsor",Negative
"bocah,korban",Negative
"potensi,banjir,bandang,susul,tanggul,dinar,indah,harus",Negative
khusus,Positive
"resmi,miskin",Negative
"rokok,ilegal,musnah,rugi,miliar",Negative
"momen,mega,tepis,isu,renggang",Negative
"bang,lantik",Positive
"tebing,area,solo,longsor",Negative
"siap,fasilitas",Positive
"hadir,lantik,sunti,semangat",Positive
"terima,isu,panik,lapor",Negative
"euforia,lantik,perempuan,pertama",Positive
"gera,tanam,manfaat,lahan,kosong",Positive
"minim,ruang,buka,hijau,picu,banjir",Negative
"rela,aula,lurah,vaksinasi",Positive
"urus,pimpin",Positive
"temu,hadir,mega,sinyal,politis",Positive
"momen,duduk,belah,hadir,lantik",Positive
"momen,lantik,hadir,masuk,ketua",Positive
"mulai,tarif,naik",Negative
"momen,duduk,belah,lantik",Positive
"temu,hadir,mega,sinyal,politis",Positive
"lantik,hebat",Positive
"hadir,lantik,politikus,durian,runtuh",Positive
"pesta,rakyat,warna,lantik",Positive
"hadir,lantik",Positive
"hadir,lantik",Positive
"efek,jera,harus,tindak,gangster",Positive
