"cemburu,suami,nekat,aniaya,istri,tewas"
"kaca,celaka,api,kendara,mogok,rel,sinau"
"tangki,celaka,maut,jadi,sangka"
"edukasi,sehat,paguyuban,gelar"
"kemarau,ganggu"
"rakit,jual,senjata,api,ilegal"
"harga,naik"
"tengkar,suami,duga,aniaya,istri,tewas"
"keren,rawat,budaya,pamer,keris"
"krisis,bersih,salur,bantu,bersih,dampak"
"seru,estafet,tangkap,mata,tutup"
"optimis,investasi,naik"
"aman,tani,basmi,hama,tikus"
"bersih,camat"
"nikmat,lobster,rawa,bakar,rawa,pening"
"depresi,pria,nekat"
"tangki,siaga,asap"
"tambang,ilegal,marak,harus,legalitas"
"kemarau,rawan,bakar,jual,apar,naik"
"emas,dukung"
"rekonstruksi,kasus,tewas,taksi"
"raih,menang,persik,manfaat,absen"
"tani,gotong,tangkap,tikus,sawah"
"gaet,investor,buat,insentif,investasi"
"tewas,luka,luka"
"racik,edar,kosmetik,ilegal,tangkap"
"nikmat,soto,sawah,organik,murah,sehat"
"keren,buat,animasi,edukasi,cegah,banjir"
"celaka,maut,jadi,sangka"
"bacok,guru,semester"
